genome	proteins
TARA_SAMEA2621536_METAG_JKOGBKOH	2258
TARA_SAMEA2621536_METAG_ECBGEDBK	1429
TARA_SAMEA2621536_METAG_KLKANNOC	2343
TARA_SAMEA2621536_METAG_AMHKKGFA	1410
TARA_SAMEA2621551_METAG_IBCCMGFG	4770
TARA_SAMEA2621551_METAG_KNGBNMOK	3206
TARA_SAMEA2621551_METAG_ILCOJHCE	3142
TARA_SAMEA2621551_METAG_BLBKBPAO	3141
TARA_SAMEA2621551_METAG_OCNNGEFF	3174
TARA_SAMEA2621551_METAG_MNJLJAEC	3158
TARA_SAMEA2621551_METAG_HNMBPJJF	3744
TARA_SAMEA2621551_METAG_BCOOPLHK	2493
TARA_SAMEA2621551_METAG_MMPJBINL	2008
TARA_SAMEA2621551_METAG_IABJEDGB	2542
TARA_SAMEA2621551_METAG_FEMOOLBM	2803
TARA_SAMEA2621551_METAG_PECKMDBI	3443
TARA_SAMEA2621551_METAG_AFHKGLEB	3777
TARA_SAMEA2621551_METAG_GHEEBCED	2282
TARA_SAMEA2621551_METAG_AJELNHCL	2154
TARA_SAMEA2621551_METAG_DMLPNCOO	2210
TARA_SAMEA2621551_METAG_INMMJGPH	990
TARA_SAMEA2621551_METAG_FGDPBCFM	2362
TARA_SAMEA2621487_METAG_HCGJLDAA	2267
TARA_SAMEA2621487_METAG_HMPOEMOI	3216
TARA_SAMEA2621487_METAG_GNAKFDDL	2260
TARA_SAMEA2621487_METAG_HHLJOOKI	1775
TARA_SAMEA2621487_METAG_LHCPKHOF	1734
TARA_SAMEA2621487_METAG_JEJEPAEM	3951
TARA_SAMEA2621423_METAG_MMFGIHGM	3713
TARA_SAMEA2621423_METAG_KCNEFKCF	3728
TARA_SAMEA2621423_METAG_GOFEFFGP	2531
TARA_SAMEA2621423_METAG_ACNBNNHJ	3851
TARA_SAMEA2621423_METAG_CNBMDABJ	1744
TARA_SAMEA2621423_METAG_JEMLBHKJ	1914
TARA_SAMEA2621423_METAG_LDNNBEOA	1512
TARA_SAMEA2621423_METAG_OFHPKJCE	1939
TARA_SAMEA2621423_METAG_FCGBCPDP	2076
TARA_SAMEA2621423_METAG_IGMJFLMF	2300
TARA_SAMEA2621401_METAG_PBJKAHMH	1902
TARA_SAMEA2621401_METAG_MDDNCBON	1841
TARA_SAMEA2621401_METAG_NHKHHBNL	1546
TARA_SAMEA2621401_METAG_EBJMJFME	2091
TARA_SAMEA2621401_METAG_DODGOGHO	1876
TARA_SAMEA2621401_METAG_IPCPDLNP	2035
TARA_SAMEA2621401_METAG_HMOFNEGP	2475
MALA_SAMN05422152_METAG_NNFJJNIN	3602
MALA_SAMN05422152_METAG_KHCFHFCA	2497
MALA_SAMN05422152_METAG_EOCMCBJO	2580
MALA_SAMN05422152_METAG_NOFLLCFD	3040
MALA_SAMN05422152_METAG_HGFHFFIL	1243
MALA_SAMN05422152_METAG_HEJPCIMK	1909
TARA_SAMEA2620890_METAG_NMFGNBHK	1430
TARA_SAMEA2620882_METAG_LAAKGMCA	3180
TARA_SAMEA2620882_METAG_PEOIGDBG	2990
TARA_SAMEA2620882_METAG_ECPJEPLI	3122
TARA_SAMEA2620882_METAG_KEPLEFPO	4116
TARA_SAMEA2620882_METAG_JAIBFADI	2753
TARA_SAMEA2620882_METAG_IPKCKHKP	1639
TARA_SAMEA2620950_METAG_ONNDABDG	1466
TARA_SAMEA2621779_METAG_BFIFFBPD	2574
TARA_SAMEA2621779_METAG_JBODLJEL	3210
TARA_SAMEA2621779_METAG_DJKNFFGC	2982
TARA_SAMEA2621779_METAG_EHKBNHOM	1834
TARA_SAMEA2621779_METAG_CHFNGBLD	1629
TARA_SAMEA2621779_METAG_IOENAFMJ	1618
TARA_SAMEA2621779_METAG_EDDAIACP	2951
TARA_SAMEA2621779_METAG_NIJIENBH	3175
TARA_SAMEA2621779_METAG_AHIFOPMA	3544
TARA_SAMEA2621779_METAG_PCNIFPHJ	1445
TARA_SAMEA2621779_METAG_DLNKCJJJ	1228
TARA_SAMEA2621779_METAG_OMECKAFD	1795
TARA_SAMEA2621812_METAG_MOHOOAMM	2549
TARA_SAMEA2621812_METAG_NFENDCDO	3746
TARA_SAMEA2621812_METAG_EINIOJLI	1917
TARA_SAMEA2621812_METAG_NHHPCCBJ	2342
TARA_SAMEA2621812_METAG_JPOAFLIB	2237
TARA_SAMEA2621812_METAG_ODFIDOJD	1684
TARA_SAMEA2621812_METAG_BDJMHFJE	1568
TARA_SAMEA2621812_METAG_HOFGODDL	3074
TARA_SAMEA2621812_METAG_MHCAACBH	1626
TARA_SAMEA2621812_METAG_AHHIABAF	2950
TARA_SAMEA2621812_METAG_OFBJBHIP	2271
MALA_SAMN05421563_METAG_DNBDCBHP	1791
MALA_SAMN05421563_METAG_ACAPCABJ	2384
MALA_SAMN05421563_METAG_PAKDOBCA	1892
MALA_SAMN05422165_METAG_CHJKKJPH	4889
MALA_SAMN05422165_METAG_NBPIDFID	4495
MALA_SAMN05422166_METAG_DFMOJGGE	3297
MALA_SAMN05422166_METAG_PHPIFGHP	2670
MALA_SAMN05422166_METAG_PCLPONCI	3255
MALA_SAMN05422166_METAG_CIOHFNPA	967
MALA_SAMN05422166_METAG_OAKDMEED	2334
MALA_SAMN05422166_METAG_OHBLOFCL	1719
MALA_SAMN05422166_METAG_BDANENAL	1844
TARA_SAMEA2621839_METAG_GAKBCGLM	3622
TARA_SAMEA2621839_METAG_BAMPLDFN	3063
TARA_SAMEA2621839_METAG_DPEBIMED	2970
TARA_SAMEA2621839_METAG_EOBFGPGM	2766
TARA_SAMEA2621839_METAG_ECLMIDKH	3045
TARA_SAMEA2621839_METAG_GIHEHMFL	1362
TARA_SAMEA2621839_METAG_PGLOPPIJ	3704
TARA_SAMEA2621839_METAG_AMINNHCB	1406
TARA_SAMEA2621839_METAG_CJCIEDNA	1904
TARA_SAMEA2621839_METAG_MKAHMAJH	1410
TARA_SAMEA2621839_METAG_DEIPNAFO	2415
TARA_SAMEA2621839_METAG_AKAMICPA	2572
TARA_SAMEA2621839_METAG_PIIHAHGL	2559
TARA_SAMEA2620979_METAG_BJMAMAIE	1282
TARA_SAMEA2620970_METAG_OJJJPFLA	3403
TARA_SAMEA2620970_METAG_MMCNDLAO	2582
TARA_SAMEA2620970_METAG_AFIGBOPL	2167
TARA_SAMEA2620970_METAG_HEBCFGMN	3909
TARA_SAMEA2620970_METAG_EFKAICOO	1712
TARA_SAMEA2620980_METAG_CDNEAKFH	2590
TARA_SAMEA2620980_METAG_DLEMJNFF	3791
TARA_SAMEA2620980_METAG_LAEKGEHP	2831
TARA_SAMEA2620980_METAG_OLBJCDLG	4410
TARA_SAMEA2620980_METAG_HNOBGMKE	1895
TARA_SAMEA2620980_METAG_JMCLKDMH	2200
TARA_SAMEA2620980_METAG_KJCEAKAI	1619
TARA_SAMEA2620980_METAG_MLEJGGIC	1870
TARA_SAMEA2620980_METAG_GLODDDOJ	2553
TARA_SAMEA2620980_METAG_FOBCJBFJ	1608
TARA_SAMEA2620980_METAG_PHDNNOPL	3807
TARA_SAMEA2620980_METAG_FPACFOKN	2160
TARA_SAMEA2620980_METAG_PHHHMDBI	2818
TARA_SAMEA2620980_METAG_NGCPHGBJ	2276
TARA_SAMEA2620980_METAG_DNPBFBJC	1586
MALA_SAMN05422111_METAG_PJKHLEIK	3378
MALA_SAMN05422111_METAG_EMNDHGAM	3265
MALA_SAMN05422111_METAG_KHJCJCMD	2772
MALA_SAMN05422111_METAG_HHBAJAJP	3206
MALA_SAMN05422111_METAG_AGIBFIDO	3164
MALA_SAMN05422111_METAG_PDJHCBNE	2366
MALA_SAMN05422111_METAG_JOAGMMCO	1774
MALA_SAMN05422111_METAG_EEEEEMIB	1776
MALA_SAMN05422106_METAG_GCKIENGJ	3143
MALA_SAMN05422106_METAG_IKNIELCH	3922
TARA_SAMEA2621044_METAG_HMLMMMLD	3334
TARA_SAMEA2621037_METAG_FFEIHJMD	3436
TARA_SAMEA2621037_METAG_JNBKPEFB	1358
TARA_SAMEA2621037_METAG_OBEBPNJN	1932
TARA_SAMEA2621045_METAG_BFFIBILI	3298
TARA_SAMEA2621045_METAG_GOGBBBHG	2397
TARA_SAMEA2621045_METAG_BEJFDEGC	1116
TARA_SAMEA2621045_METAG_EKINPJIF	1880
TARA_SAMEA2621020_METAG_CAOAOJKP	3337
TARA_SAMEA2621020_METAG_AFPEGNBP	1272
TARA_SAMEA2621020_METAG_GCOIEIMO	1632
TARA_SAMEA2621020_METAG_DGKNMHLE	3550
TARA_SAMEA2621020_METAG_NHILELEF	1351
TARA_SAMEA2621013_METAG_KICEOAFA	1807
TARA_SAMEA2621013_METAG_FHBCEPPH	3221
TARA_SAMEA2621013_METAG_JDGAFPJC	1222
TARA_SAMEA2621021_METAG_CAHDDLKK	3944
TARA_SAMEA2621021_METAG_BMDCHEJH	1317
TARA_SAMEA2621021_METAG_JPHGBBEF	1205
TARA_SAMEA2620995_METAG_GKHLPHOP	3194
TARA_SAMEA2620995_METAG_CPCOKCCE	2733
TARA_SAMEA2620995_METAG_LKNHAAFI	1721
TARA_SAMEA2621003_METAG_OFKGPJMO	4629
TARA_SAMEA2621003_METAG_GMIFOLBP	3107
TARA_SAMEA2621003_METAG_HCJDLAIL	2668
TARA_SAMEA2621003_METAG_JCPNEFLH	3261
TARA_SAMEA2621003_METAG_NGHODKEB	2494
TARA_SAMEA2621003_METAG_NKLNNGOP	2657
TARA_SAMEA2621003_METAG_PPJNCIAP	2218
MALA_SAMN05422148_METAG_CKCFHHDP	5350
MALA_SAMN05422148_METAG_IFLPOAIP	4712
MALA_SAMN05422148_METAG_CIJEHAMJ	2711
MALA_SAMN05422148_METAG_NDJFDIOK	3167
MALA_SAMN05422148_METAG_LAEONHEK	2492
MALA_SAMN05422148_METAG_FCOMONOA	3293
MALA_SAMN05422148_METAG_FLFHNCBN	3342
MALA_SAMN05422148_METAG_CGDDCMGE	1742
MALA_SAMN05422148_METAG_MOEOEKNG	2389
MALA_SAMN05422148_METAG_FNEFGJEP	1816
MALA_SAMN05422148_METAG_PBJMOFAG	1269
TARA_SAMEA2621277_METAG_ILDPBJGM	1624
TARA_SAMEA2621277_METAG_CFLCHGGP	1516
TARA_SAMEA2621277_METAG_JBNFLJGD	2099
TARA_SAMEA2621277_METAG_KMCKJLIC	1609
TARA_SAMEA2621277_METAG_LJGPFCCG	1484
TARA_SAMEA2621277_METAG_MHMODPJB	1392
TARA_SAMEA2621277_METAG_EDGAFOGJ	1622
TARA_SAMEA2621277_METAG_MHELEDKP	1415
TARA_SAMEA2621272_METAG_AKENJOIK	3521
TARA_SAMEA2621272_METAG_FFCCJPDE	3161
TARA_SAMEA2621272_METAG_LKFMFFDI	2388
TARA_SAMEA2621272_METAG_HGBKLAMB	2185
TARA_SAMEA2621272_METAG_GNEPODJB	1544
TARA_SAMEA2621272_METAG_FCFCOBCJ	1378
TARA_SAMEA2621272_METAG_DNBJPIPE	1822
TARA_SAMEA2621272_METAG_NBLOMKMN	1613
TARA_SAMEA2621272_METAG_NGEHNNNM	1716
TARA_SAMEA2621272_METAG_LOLICIOM	1574
TARA_SAMEA2621278_METAG_JCNLAAAD	3539
TARA_SAMEA2621278_METAG_GMLIGPEM	2542
TARA_SAMEA2621278_METAG_KEADFBLO	1538
TARA_SAMEA2621278_METAG_AJOJAPJO	1820
TARA_SAMEA2621278_METAG_BCECPHHK	1624
TARA_SAMEA2621278_METAG_BMGJHFGO	1212
TARA_SAMEA2621287_METAG_IMFLNOJF	3209
TARA_SAMEA2621287_METAG_FFNGLIJO	3108
TARA_SAMEA2621287_METAG_LAMLNGLJ	2887
TARA_SAMEA2621287_METAG_KCCPFHJK	2839
TARA_SAMEA2621287_METAG_DFAHAMKF	2540
TARA_SAMEA2621287_METAG_OHIOPKFN	2103
TARA_SAMEA2621287_METAG_MKCMNKDJ	1690
TARA_SAMEA2621287_METAG_JCFBPKPP	1605
TARA_SAMEA2621295_METAG_JFLCCKIL	3311
TARA_SAMEA2621295_METAG_DKAAIJIA	3171
TARA_SAMEA2621295_METAG_NIIMMNCI	2901
TARA_SAMEA2621295_METAG_AOFFJOHF	3038
TARA_SAMEA2621295_METAG_AHLPPNGD	3099
TARA_SAMEA2621259_METAG_PHDMMIEN	1664
TARA_SAMEA2621254_METAG_JDCAMDEP	2117
TARA_SAMEA2621254_METAG_EEMDCLJJ	1849
TARA_SAMEA2621260_METAG_PPDGCGCM	1685
TARA_SAMEA2621260_METAG_ECGPAFED	1819
TARA_SAMEA2621260_METAG_PLACCIAA	2141
TARA_SAMEA2621260_METAG_OGOIGPKJ	2205
MALA_SAMN05421707_METAG_LOOBFDDK	3133
MALA_SAMN05421707_METAG_PEGACGMA	1818
MALA_SAMN05422115_METAG_ECLHGDNH	4996
MALA_SAMN05422115_METAG_GEDMGNOH	4542
TARA_SAMEA2621859_METAG_LMMJEOCK	2128
TARA_SAMEA2621859_METAG_OEPCBAAH	2318
TARA_SAMEA2621859_METAG_GLIJALDI	1825
TARA_SAMEA2621859_METAG_HOOKAFBB	1635
TARA_SAMEA2621859_METAG_GAEHGPFE	2371
TARA_SAMEA2621859_METAG_DDJJPFMI	1520
TARA_SAMEA2621859_METAG_APOBEFDL	1997
TARA_SAMEA2620828_METAG_HFMANGFL	3832
TARA_SAMEA2620828_METAG_JFDLHEAJ	3767
TARA_SAMEA2620828_METAG_EAOLKDOK	2804
TARA_SAMEA2620815_METAG_BOLMEEMM	2919
TARA_SAMEA2620815_METAG_NJKEIABP	3585
TARA_SAMEA2620815_METAG_GMEJBCHH	3667
TARA_SAMEA2620815_METAG_NPPEOCKG	2054
MALA_SAMN05422194_METAG_IIAHLBOG	3334
MALA_SAMN05422194_METAG_KKDHJFJO	1910
MALA_SAMN05422169_METAG_BPCBKGGL	4637
MALA_SAMN05422169_METAG_NMKAJFHO	3394
MALA_SAMN05422171_METAG_IPGIMLOF	3546
MALA_SAMN05422171_METAG_DACELBOC	1889
MALA_SAMN05422171_METAG_CONJIOLN	2334
MALA_SAMN05422171_METAG_CFEOHJLA	1226
MALA_SAMN05422171_METAG_JOOHPJDP	1710
MALA_SAMN05422122_METAG_CAFBCAFN	2993
MALA_SAMN05422122_METAG_EAEHONNA	2642
MALA_SAMN05422122_METAG_NEMGCJEA	3591
MALA_SAMN05422122_METAG_JACOJCMO	3087
MALA_SAMN05422122_METAG_CKBPOFGO	3114
MALA_SAMN05422122_METAG_CIAAGKJC	3628
MALA_SAMN05422122_METAG_JKIINEFM	3692
MALA_SAMN05422122_METAG_INOMGGDK	1932
MALA_SAMN05421913_METAG_LICMHBMD	4884
MALA_SAMN05421913_METAG_ODIEKPBC	4464
MALA_SAMN05421913_METAG_FEOEAFNE	3345
MALA_SAMN05422117_METAG_DMDBIJPP	3245
TARA_SAMEA2622021_METAG_MNGGKDJE	1337
TARA_SAMEA2622048_METAG_OJBANIPE	2559
TARA_SAMEA2622048_METAG_PBNDAOBM	1967
TARA_SAMEA2621990_METAG_IFAAFFGP	1648
TARA_SAMEA2621990_METAG_KECGOEPK	2363
TARA_SAMEA2621990_METAG_NPMDPEGK	1739
TARA_SAMEA2621990_METAG_CKNIILJE	1363
TARA_SAMEA2622518_METAG_IPPBENAH	4955
TARA_SAMEA2622518_METAG_IILKAOPP	5449
TARA_SAMEA2622568_METAG_DOPCNBFE	3961
TARA_SAMEA2622568_METAG_BPIONGFC	3722
TARA_SAMEA2622568_METAG_AABAHIOA	3545
TARA_SAMEA2622568_METAG_KDEBLPGF	3273
TARA_SAMEA2622568_METAG_MDLKCBOG	2604
TARA_SAMEA2622568_METAG_JEFONMEN	3490
TARA_SAMEA2622568_METAG_HKHLKGIK	2712
TARA_SAMEA2622568_METAG_EACJFFJJ	4209
TARA_SAMEA2622568_METAG_MIKONPNH	3449
TARA_SAMEA2622568_METAG_JOGJHOPK	2596
TARA_SAMEA2622568_METAG_LGLMKAPC	3808
TARA_SAMEA2622568_METAG_FCKIENHL	2885
TARA_SAMEA2622568_METAG_ECALKDFJ	2697
TARA_SAMEA2622568_METAG_NIPMGLIE	2001
TARA_SAMEA2622568_METAG_NDNHAAHH	1848
TARA_SAMEA2622568_METAG_JIEMLICG	1582
TARA_SAMEA2622545_METAG_KIGKJCNI	3985
TARA_SAMEA2622545_METAG_NPNOEMNH	3639
TARA_SAMEA2622545_METAG_BODEGDKE	1941
TARA_SAMEA2622545_METAG_GPNFIJMG	3557
TARA_SAMEA2622545_METAG_KEGJKDAO	3843
TARA_SAMEA2622545_METAG_DIHGGOHN	2251
TARA_SAMEA2622545_METAG_OECGPLDK	3447
TARA_SAMEA2622545_METAG_JPLBMHHP	1483
TARA_SAMEA2622545_METAG_LPECMJHH	1408
MALA_SAMN05421901_METAG_DMLDKPEN	3230
MALA_SAMN05421901_METAG_NCIHGEED	2668
MALA_SAMN05421901_METAG_EFMBOOHE	3192
MALA_SAMN05421901_METAG_BFJNPCAK	1869
MALA_SAMN05421901_METAG_HLILIJEC	1222
MALA_SAMN05421901_METAG_IFPOOIAD	1780
MALA_SAMN05421901_METAG_DMKMJFKO	2370
TARA_SAMEA2620756_METAG_IMMFPNDJ	1573
TARA_SAMEA2620756_METAG_POOIIACE	1797
TARA_SAMEA2620756_METAG_OFLJDIBF	1500
TARA_SAMEA2622074_METAG_DICDCFLD	2373
TARA_SAMEA2622074_METAG_JNBJNFEA	2312
TARA_SAMEA2622074_METAG_OKPMBIFH	1292
TARA_SAMEA2621221_METAG_HPDINNDB	1425
TARA_SAMEA2621221_METAG_NJDFPJFN	2327
TARA_SAMEA2621221_METAG_ODIICDFG	2129
TARA_SAMEA2621221_METAG_AFPNPCON	1613
TARA_SAMEA2621221_METAG_DADHDCHE	1548
TARA_SAMEA2621221_METAG_JENNBDKK	2358
TARA_SAMEA2621221_METAG_OBELDNIE	1569
TARA_SAMEA2621221_METAG_DCJBCIMH	1392
TARA_SAMEA2621216_METAG_LCPHBNHL	3778
TARA_SAMEA2621216_METAG_COJJBKMD	3123
TARA_SAMEA2621216_METAG_OGEOFNGG	2360
TARA_SAMEA2621216_METAG_ENDBMMKJ	3606
TARA_SAMEA2621216_METAG_ONLLJHPN	2342
TARA_SAMEA2621216_METAG_NKOBPKGB	1554
TARA_SAMEA2621216_METAG_DBGOPMHO	1603
TARA_SAMEA2621216_METAG_DBODLHOP	3629
TARA_SAMEA2621216_METAG_HBPPHFIC	2834
TARA_SAMEA2621216_METAG_GPCKMPLA	1456
TARA_SAMEA2621222_METAG_DCGGIKNM	2439
TARA_SAMEA2621222_METAG_JFBGBJDD	1581
TARA_SAMEA2621222_METAG_IFIFNDCH	1486
TARA_SAMEA2621222_METAG_BDOHCPHE	2394
TARA_SAMEA2621222_METAG_IGJMIHLH	1432
TARA_SAMEA2621222_METAG_MFFIGDJC	1635
TARA_SAMEA2621222_METAG_APBIOLEJ	1252
TARA_SAMEA2621203_METAG_CNGIBAIJ	4170
TARA_SAMEA2621203_METAG_IEFLJMCG	3374
TARA_SAMEA2621203_METAG_OIOCIAKB	3634
TARA_SAMEA2621203_METAG_ILKBJEEN	1737
TARA_SAMEA2621203_METAG_ALEMOIIO	2285
TARA_SAMEA2621198_METAG_NHKNDBOB	2897
TARA_SAMEA2621198_METAG_MIKEPJAE	2442
TARA_SAMEA2621204_METAG_NPDFCODL	3358
TARA_SAMEA2621204_METAG_LONOPCNJ	3638
TARA_SAMEA2621204_METAG_NJGLLKBB	2434
TARA_SAMEA2621204_METAG_ADKMBKIJ	3114
TARA_SAMEA2621232_METAG_FNNNMJNL	4234
TARA_SAMEA2621232_METAG_OEJANBLF	3009
TARA_SAMEA2621232_METAG_AICMFHKD	2594
TARA_SAMEA2621232_METAG_IKCCEDIK	3194
TARA_SAMEA2621232_METAG_NDILCKEH	3104
TARA_SAMEA2621232_METAG_FLEHNMGF	2437
TARA_SAMEA2621232_METAG_FIFLKHND	3945
TARA_SAMEA2621232_METAG_IPHLIONH	3361
TARA_SAMEA2621232_METAG_GCKKPACL	2841
TARA_SAMEA2621232_METAG_BMGMOOFP	3028
TARA_SAMEA2621242_METAG_JDPCKNJD	4074
TARA_SAMEA2621242_METAG_IEOMPJEB	4475
TARA_SAMEA2621242_METAG_PNDLKBPD	3892
TARA_SAMEA2621242_METAG_GDMEHIBJ	3402
TARA_SAMEA2621242_METAG_DFHNPMGP	3580
TARA_SAMEA2621242_METAG_OOMMJIKI	4290
TARA_SAMEA2621242_METAG_GMIEJGMJ	3570
TARA_SAMEA2621242_METAG_DIAHKJHJ	2615
TARA_SAMEA2621242_METAG_IFENFDOM	3185
TARA_SAMEA2621242_METAG_OHGLNCMH	3084
TARA_SAMEA2621242_METAG_FBMJIAKN	3064
TARA_SAMEA2621242_METAG_AOBACFJI	3939
TARA_SAMEA2621242_METAG_HOBIHNJG	3206
TARA_SAMEA2621242_METAG_JDLPNCFM	2234
TARA_SAMEA2621242_METAG_PGLCLPKG	2507
TARA_SAMEA2621242_METAG_GKBNFHEN	2692
TARA_SAMEA2621242_METAG_GNEALDBF	3631
TARA_SAMEA2621242_METAG_CODGKNOG	2621
TARA_SAMEA2621242_METAG_HEAAMFCE	2048
TARA_SAMEA2621242_METAG_JAGFKKLK	3205
TARA_SAMEA2621242_METAG_CAFFBPBO	1682
TARA_SAMEA2621075_METAG_LDLCMOIO	3339
TARA_SAMEA2621075_METAG_KDKFOIAJ	3593
TARA_SAMEA2621075_METAG_GLMEBPCK	3610
TARA_SAMEA2621075_METAG_BMBGPNCB	1819
TARA_SAMEA2621075_METAG_CDEJMPIA	3428
TARA_SAMEA2621075_METAG_HDFGLBPC	1694
TARA_SAMEA2621075_METAG_KLPGLOJI	1666
TARA_SAMEA2621075_METAG_IKKHENNA	1322
TARA_SAMEA2621066_METAG_EHDOKGKK	3593
TARA_SAMEA2621076_METAG_FKHKCELK	3339
TARA_SAMEA2621076_METAG_JJMNOABK	3299
TARA_SAMEA2621076_METAG_CIJCAHMD	3927
TARA_SAMEA2621076_METAG_CHIHFAML	2782
TARA_SAMEA2621076_METAG_BNBKGHEH	2263
TARA_SAMEA2621076_METAG_KIMMEJCL	3178
TARA_SAMEA2621076_METAG_EPDLMPMI	1658
TARA_SAMEA2621099_METAG_NDJAMBKM	3329
TARA_SAMEA2621099_METAG_MOEJCAFC	3617
TARA_SAMEA2621099_METAG_OCNFLOGF	3002
TARA_SAMEA2621099_METAG_OLNLEHLG	3579
TARA_SAMEA2621099_METAG_FAKAABGD	3035
TARA_SAMEA2621099_METAG_FOEELOBE	2859
TARA_SAMEA2621099_METAG_IDGDEHDE	1737
TARA_SAMEA2621099_METAG_GDBPEBAN	2925
TARA_SAMEA2621099_METAG_AEMDFCCK	2188
TARA_SAMEA2621099_METAG_BBPLFPIN	2019
TARA_SAMEA2621092_METAG_PJABGEBM	4029
TARA_SAMEA2621092_METAG_KFIBCKLI	2960
TARA_SAMEA2621092_METAG_PINFDOMM	4341
TARA_SAMEA2621092_METAG_DMGMCKNA	3337
TARA_SAMEA2621092_METAG_IHOOOMPL	3359
TARA_SAMEA2621092_METAG_HEPGENHG	2524
TARA_SAMEA2621092_METAG_AAMGDPFE	3455
TARA_SAMEA2621092_METAG_CKIJFMFO	3065
TARA_SAMEA2621092_METAG_BIHGKKON	3116
TARA_SAMEA2621092_METAG_ICDDAPHN	3111
TARA_SAMEA2621092_METAG_MKILCDOA	3126
TARA_SAMEA2621092_METAG_DJDGNMMA	3463
TARA_SAMEA2621092_METAG_KGLJGIJP	2158
TARA_SAMEA2621092_METAG_OJDCCICI	2742
TARA_SAMEA2621101_METAG_PFIFDIHB	4156
TARA_SAMEA2621101_METAG_LEJMAEPD	3274
TARA_SAMEA2621101_METAG_BONMHGDD	4195
TARA_SAMEA2621101_METAG_BDFFJCJM	3680
TARA_SAMEA2621101_METAG_BHEBGKFO	2569
TARA_SAMEA2621101_METAG_BOCIOJNI	2467
TARA_SAMEA2621101_METAG_PFFJNDGN	2997
TARA_SAMEA2621101_METAG_GFCMGELJ	3089
TARA_SAMEA2621101_METAG_JLODOFBL	3027
TARA_SAMEA2621101_METAG_HCGFDFOF	3584
TARA_SAMEA2621101_METAG_DBKIAPDD	1736
TARA_SAMEA2621101_METAG_IEEHBFPB	3812
TARA_SAMEA2621101_METAG_AFHBMONF	2836
TARA_SAMEA2621101_METAG_MLIGGIAA	2574
TARA_SAMEA2621101_METAG_DIDPENLG	2230
TARA_SAMEA2620734_METAG_AFKHDFKL	3716
TARA_SAMEA2620734_METAG_LPFLDMAL	1630
TARA_SAMEA2620734_METAG_JNCELEHI	3689
TARA_SAMEA2620672_METAG_CBEKHACD	1140
TARA_SAMEA2622452_METAG_FDOFOKDB	1783
TARA_SAMEA2622452_METAG_LOANMEJJ	1885
TARA_SAMEA2622452_METAG_BPPPEHIE	1903
TARA_SAMEA2622452_METAG_JGGCHJMC	3434
TARA_SAMEA2622452_METAG_ACGDMEMK	1679
TARA_SAMEA2622452_METAG_JLEFIJNC	2176
TARA_SAMEA2622452_METAG_POBKLOBA	1296
TARA_SAMEA2622452_METAG_PHPDPEMF	2618
TARA_SAMEA2622478_METAG_BMHLDOLD	2952
TARA_SAMEA2622478_METAG_JEKHKINF	1346
TARA_SAMEA2622478_METAG_OEBMNELG	3835
TARA_SAMEA2622478_METAG_GKAPCMJJ	1992
TARA_SAMEA2620542_METAG_GCPDHIHM	1417
TARA_SAMEA2620542_METAG_MHHMBIHC	2356
TARA_SAMEA2620570_METAG_GKAHPFEE	3754
TARA_SAMEA2620570_METAG_EPBMCEFH	3149
TARA_SAMEA2620570_METAG_LFIFMECC	1419
TARA_SAMEA2622499_METAG_LOIOBFOG	3719
TARA_SAMEA2622499_METAG_GGEKANHA	1354
TARA_SAMEA2622499_METAG_JIADBOCB	3564
TARA_SAMEA2622499_METAG_IECBOOAC	2325
TARA_SAMEA2622499_METAG_NFHHJOOA	1768
MALA_SAMN05422138_METAG_DFBCMAIG	3298
MALA_SAMN05422138_METAG_MCNNCPJJ	3247
MALA_SAMN05422138_METAG_AIKOLDME	3980
MALA_SAMN05422138_METAG_IHHEHBEN	1901
MALA_SAMN05422138_METAG_ELBMMIEJ	2231
TARA_SAMEA2620666_METAG_AFGGNEFA	3407
TARA_SAMEA2620666_METAG_JEPBBOGE	3663
TARA_SAMEA2620666_METAG_BEHDOIIH	3112
TARA_SAMEA2620666_METAG_IPMNHCKD	3867
TARA_SAMEA2620666_METAG_FNJFHECO	4150
TARA_SAMEA2620666_METAG_PFOELOEF	3532
TARA_SAMEA2620666_METAG_DJEECFIE	2884
TARA_SAMEA2620666_METAG_NFHNEBDA	3302
TARA_SAMEA2620666_METAG_EKDBEFOM	2807
TARA_SAMEA2620666_METAG_KAIBCOKB	3016
TARA_SAMEA2620666_METAG_GIDMECPM	3054
TARA_SAMEA2620666_METAG_HBJCCDFM	2691
TARA_SAMEA2620666_METAG_EDMBPCLD	2073
TARA_SAMEA2622097_METAG_NFKPCCND	2941
TARA_SAMEA2622097_METAG_DNGGBMJM	2680
TARA_SAMEA2622097_METAG_DKMMMDIM	2062
TARA_SAMEA2622097_METAG_CJDFGJHP	3629
TARA_SAMEA2622097_METAG_LGOAIEML	2566
TARA_SAMEA2622097_METAG_ECJHKAMO	1768
TARA_SAMEA2622097_METAG_HBPMPIGL	3836
TARA_SAMEA2622097_METAG_BMEACDEL	1549
TARA_SAMEA2622097_METAG_HMNDCNBK	1899
TARA_SAMEA2622097_METAG_PNKFOLCJ	1024
TARA_SAMEA2622097_METAG_DMMKGHCB	1756
TARA_SAMEA2622097_METAG_BBADCCBB	1930
TARA_SAMEA2622097_METAG_JNANGMHD	2588
TARA_SAMEA2622149_METAG_COGIFFDO	3472
TARA_SAMEA2622149_METAG_ANGGDELM	4584
TARA_SAMEA2622149_METAG_ENLLIFBN	3567
TARA_SAMEA2622149_METAG_FEMNCMMF	2150
TARA_SAMEA2622149_METAG_DOFNAPGK	2116
TARA_SAMEA2622149_METAG_PPIPNOMF	3652
TARA_SAMEA2622149_METAG_OJCMJHGM	1995
TARA_SAMEA2622149_METAG_MFLCIKLO	2537
TARA_SAMEA2622149_METAG_HHKLFOPN	3906
TARA_SAMEA2622149_METAG_MNCNJGHE	1364
TARA_SAMEA2622149_METAG_NFDLNHDH	2440
TARA_SAMEA2622149_METAG_IIKHAJAF	3596
TARA_SAMEA2622149_METAG_IFAHONIA	2040
TARA_SAMEA2622149_METAG_PDNNHHPM	2148
TARA_SAMEA2622149_METAG_AAEJBKAF	1486
TARA_SAMEA2622149_METAG_CIHHNJCH	2293
TARA_SAMEA2622149_METAG_MAIBIKAE	2216
TARA_SAMEA2622149_METAG_GFKHBGHO	5192
TARA_SAMEA2622149_METAG_OOOLMODB	1719
TARA_SAMEA2622149_METAG_MMEOGIPH	1445
TARA_SAMEA2622149_METAG_GMNJKNGM	1581
TARA_SAMEA2622119_METAG_JEJNGPMI	5482
TARA_SAMEA2622119_METAG_CKEFGNEL	3663
TARA_SAMEA2622119_METAG_AHPOGDIA	3947
TARA_SAMEA2622119_METAG_PHKLCDPD	3305
TARA_SAMEA2622119_METAG_CANOOOHB	2956
TARA_SAMEA2622119_METAG_DKGGHKAK	3067
TARA_SAMEA2622119_METAG_DDKAAOLH	1879
TARA_SAMEA2620413_METAG_KIKEPFNH	3720
TARA_SAMEA2620413_METAG_NMKFEOHF	3009
TARA_SAMEA2620413_METAG_LOJGNKDC	2549
TARA_SAMEA2620413_METAG_OKCJEKJA	2966
TARA_SAMEA2620413_METAG_GLKBFLDN	3014
TARA_SAMEA2620404_METAG_JFDHOAMA	2750
TARA_SAMEA2620404_METAG_GAPCBJOG	1362
TARA_SAMEA2622763_METAG_MAAFEBAJ	4688
TARA_SAMEA2622763_METAG_DDDNMJLC	3473
TARA_SAMEA2622763_METAG_MNJLKKHG	4241
TARA_SAMEA2622764_METAG_ALMLMAMN	3186
TARA_SAMEA2622764_METAG_OLCGPNDJ	3123
TARA_SAMEA2622764_METAG_COJGOHCA	3170
TARA_SAMEA2622764_METAG_GDLJBKIC	2036
TARA_SAMEA2622764_METAG_DLIIDONE	2960
TARA_SAMEA2622764_METAG_JEJGAJGI	1992
TARA_SAMEA2622766_METAG_KENIBHCH	4708
TARA_SAMEA2622766_METAG_GFDLGHPP	1657
TARA_SAMEA2622766_METAG_HMICCCOP	4140
TARA_SAMEA2622766_METAG_HBJBJOMI	3354
TARA_SAMEA2622766_METAG_EDDOGMGI	3183
TARA_SAMEA2622766_METAG_CKNHBMFD	1832
TARA_SAMEA2622766_METAG_DIHIBLAE	2669
TARA_SAMEA2622766_METAG_HILBNNEI	3392
TARA_SAMEA2622766_METAG_PAPLMLMG	3567
TARA_SAMEA2622766_METAG_HNKKLNLI	2328
TARA_SAMEA2622766_METAG_CGEHJPAL	3059
TARA_SAMEA2622766_METAG_CBIMLOEF	2401
TARA_SAMEA2622766_METAG_PMDMNEDG	2448
TARA_SAMEA2622766_METAG_FDFJEPOA	1361
TARA_SAMEA2622766_METAG_MAFLBACE	2729
TARA_SAMEA2622766_METAG_CEBMDDGC	2601
TARA_SAMEA2622766_METAG_CCDAFOBI	2461
TARA_SAMEA2622766_METAG_ILAMPCFE	2082
TARA_SAMEA2622766_METAG_EPEBAONN	1381
TARA_SAMEA2622766_METAG_LNOJOHMB	1678
TARA_SAMEA2622766_METAG_NJNGEMOJ	1618
TARA_SAMEA2622766_METAG_AOMHALMD	1616
TARA_SAMEA2622765_METAG_MAMIPFJC	4808
TARA_SAMEA2622765_METAG_MHBAPCGP	4053
TARA_SAMEA2622765_METAG_NBAIIJFA	3209
TARA_SAMEA2622765_METAG_CGEGLBBL	2894
TARA_SAMEA2622765_METAG_CKKHFEEO	4929
TARA_SAMEA2622765_METAG_DACAFNHL	4404
TARA_SAMEA2622765_METAG_KBILLEND	3496
TARA_SAMEA2622765_METAG_MCAPBGGC	3617
TARA_SAMEA2622765_METAG_KPGLPPEC	3817
TARA_SAMEA2622765_METAG_EKGGGPHD	3254
TARA_SAMEA2622765_METAG_OGNPIJOJ	3106
TARA_SAMEA2622765_METAG_KHPEIIMH	4339
TARA_SAMEA2622765_METAG_LCCLODIH	3215
TARA_SAMEA2622765_METAG_HMPDLOBI	2546
TARA_SAMEA2622765_METAG_BGGOCBHK	2617
TARA_SAMEA2622765_METAG_ICPMIAHH	3076
TARA_SAMEA2622765_METAG_KBIKNAHF	3793
TARA_SAMEA2622765_METAG_APECFLEB	3122
TARA_SAMEA2622765_METAG_KIFLKBCM	1384
TARA_SAMEA2622765_METAG_HFJKDLEF	2528
TARA_SAMEA2622765_METAG_CNEAPIFB	2902
TARA_SAMEA2622765_METAG_OOCANDGF	2420
TARA_SAMEA2622765_METAG_EFDKCHFD	3086
TARA_SAMEA2622765_METAG_OBEPKKJE	1861
MALA_SAMN05422226_METAG_EKPLMNJC	4015
MALA_SAMN05422226_METAG_NELIBDBN	3364
MALA_SAMN05422226_METAG_FJOEKLNE	1947
MALA_SAMN05422226_METAG_BHBKOHHP	1874
MALA_SAMN05422123_METAG_COPMBDOP	3894
TARA_SAMEA2622800_METAG_CFACIDDL	3414
TARA_SAMEA2622800_METAG_FOCDFOMG	3565
TARA_SAMEA2622800_METAG_EBDDKJPO	3348
TARA_SAMEA2622800_METAG_JOJMEKIM	3121
TARA_SAMEA2622800_METAG_KMKDGNAE	2386
TARA_SAMEA2622800_METAG_HOJFJLPM	2020
TARA_SAMEA2622800_METAG_NHOAJJGP	1226
TARA_SAMEA2622800_METAG_LJANIKCE	2124
TARA_SAMEA2622800_METAG_BCECDCPE	1549
TARA_SAMEA2622800_METAG_OCLDFKOI	1625
TARA_SAMEA2622800_METAG_KNCINLLI	1863
TARA_SAMEA2622800_METAG_IJFCHJJC	2679
TARA_SAMEA2622796_METAG_IKFJOKBI	3893
TARA_SAMEA2622796_METAG_HPFJMFBI	5075
TARA_SAMEA2622796_METAG_PLIEIEDC	3492
TARA_SAMEA2622796_METAG_GNHMALAC	2787
TARA_SAMEA2622796_METAG_BNOIAINK	3090
TARA_SAMEA2622796_METAG_KBLEHIHN	3542
TARA_SAMEA2622796_METAG_CDCCBIGC	2040
TARA_SAMEA2622796_METAG_KLAHKPIM	1325
TARA_SAMEA2622796_METAG_KIPMKGHJ	1854
TARA_SAMEA2622796_METAG_FHLILOBD	3614
TARA_SAMEA2622796_METAG_LOOMLCMJ	3491
TARA_SAMEA2622796_METAG_FKMANDIH	2376
TARA_SAMEA2622796_METAG_DFKFIAAD	2515
TARA_SAMEA2622796_METAG_CBGIJPKK	3863
TARA_SAMEA2622796_METAG_NEFFHMDP	2675
TARA_SAMEA2622796_METAG_LAMMFCMG	2336
TARA_SAMEA2622796_METAG_AJLNCKLL	2109
TARA_SAMEA2622796_METAG_EAKHFFIO	1800
TARA_SAMEA2622796_METAG_NPJHAAOM	3516
TARA_SAMEA2622796_METAG_IKJAKAAM	1273
TARA_SAMEA2622796_METAG_NLGBEDMF	1193
TARA_SAMEA2622796_METAG_DHDIMJGJ	1979
TARA_SAMEA2622796_METAG_BOADKHEC	1616
TARA_SAMEA2622796_METAG_FHGCBOIM	2735
TARA_SAMEA2622796_METAG_ICINOFDJ	1768
TARA_SAMEA2622801_METAG_LKEPJGOM	5063
TARA_SAMEA2622801_METAG_HMDEAEKJ	3500
TARA_SAMEA2622801_METAG_FBHCFNJI	1958
TARA_SAMEA2622801_METAG_INILGBIK	3770
TARA_SAMEA2622801_METAG_PIDHMMGD	2890
TARA_SAMEA2622801_METAG_OFCBHAIC	3342
TARA_SAMEA2622801_METAG_LHCBFKEA	1991
TARA_SAMEA2622801_METAG_EEACLNKN	1894
TARA_SAMEA2622801_METAG_CBEJFPFF	3826
TARA_SAMEA2622801_METAG_EGLCMHNH	3551
TARA_SAMEA2622801_METAG_GKAHAABC	3554
TARA_SAMEA2622801_METAG_HLNBCKBD	3179
TARA_SAMEA2622801_METAG_LKOJELOP	2910
TARA_SAMEA2622801_METAG_OCPMMBAD	1353
TARA_SAMEA2622801_METAG_PNHJKIGD	2652
TARA_SAMEA2622801_METAG_GCOBLAHL	2839
TARA_SAMEA2622801_METAG_OCGJHKDK	3420
TARA_SAMEA2622801_METAG_GFHFOCMK	1898
TARA_SAMEA2622801_METAG_PMNJHGLM	2962
TARA_SAMEA2622801_METAG_CCCIEGHH	3305
TARA_SAMEA2622801_METAG_GNKNKJMK	2442
TARA_SAMEA2622801_METAG_ECAHMIGO	2660
TARA_SAMEA2622801_METAG_LJELNJIM	1936
TARA_SAMEA2622801_METAG_BIDCGMDO	3438
TARA_SAMEA2622801_METAG_ABMMGODO	1929
TARA_SAMEA2622801_METAG_FBDAFCOP	3479
TARA_SAMEA2622801_METAG_LEMAIJLG	3068
TARA_SAMEA2622801_METAG_PBKBMCMC	2069
TARA_SAMEA2622801_METAG_KJKMOJPE	2569
TARA_SAMEA2622694_METAG_GNKAIBNI	3215
TARA_SAMEA2622694_METAG_GLIIGEOH	5019
TARA_SAMEA2622694_METAG_IOFBFEKK	3118
TARA_SAMEA2622695_METAG_PPIEDCML	2459
TARA_SAMEA2622695_METAG_EEIOIJLI	3183
TARA_SAMEA2622695_METAG_CMNDNPIH	1798
TARA_SAMEA2622695_METAG_IJMMAGNC	2027
TARA_SAMEA2622695_METAG_IKHODGJK	2369
TARA_SAMEA2622695_METAG_DJPNKLFL	2590
TARA_SAMEA2622695_METAG_JBFOAAJG	1399
TARA_SAMEA2622695_METAG_BJKIICFJ	1712
TARA_SAMEA2622695_METAG_KJLDDKDE	1807
TARA_SAMEA2622695_METAG_NDMJOCCC	3726
TARA_SAMEA2622695_METAG_IGPCIHCP	1535
TARA_SAMEA2622695_METAG_EABKBFEB	1792
TARA_SAMEA2622695_METAG_GOFCEJHK	1173
TARA_SAMEA2622695_METAG_PDJOKEGE	1538
TARA_SAMEA2622695_METAG_MCPOHDEN	1713
TARA_SAMEA2622690_METAG_KGFPAGGC	3184
TARA_SAMEA2622690_METAG_PCAJHLNK	2814
TARA_SAMEA2622690_METAG_IFBOIKPA	3468
TARA_SAMEA2622690_METAG_BJAPEPHH	3553
TARA_SAMEA2622690_METAG_NLCIDLIH	1823
TARA_SAMEA2622690_METAG_LPHGFNJJ	3433
TARA_SAMEA2622690_METAG_LHOCKJEM	1632
TARA_SAMEA2622690_METAG_HOEEDAFA	2147
TARA_SAMEA2622690_METAG_LAHCAILK	1331
TARA_SAMEA2622690_METAG_BEAGPPBP	2233
TARA_SAMEA2622690_METAG_NHGEKECG	1920
TARA_SAMEA2622690_METAG_CHELOBDL	2537
TARA_SAMEA2622690_METAG_PNNGBJFH	1539
TARA_SAMEA2622690_METAG_GDMBAPFE	5218
TARA_SAMEA2622690_METAG_JFJFMNPO	1649
TARA_SAMEA2622690_METAG_HILCFCHB	1175
TARA_SAMEA2622690_METAG_LJMBMAFL	1695
TARA_SAMEA2622690_METAG_PJDPAOBM	1472
TARA_SAMEA2622690_METAG_PDLCEEEI	1921
TARA_SAMEA2622696_METAG_PAAHHAHJ	3905
TARA_SAMEA2622696_METAG_DJMNIKOG	2037
TARA_SAMEA2622696_METAG_HEANALEL	3446
TARA_SAMEA2622696_METAG_LJCKGMCC	3664
TARA_SAMEA2622696_METAG_MPKBNFFE	1797
TARA_SAMEA2622696_METAG_CNHJOMIH	3463
TARA_SAMEA2622696_METAG_GBGJNBME	3148
TARA_SAMEA2622696_METAG_PKOCKKHJ	2844
TARA_SAMEA2622696_METAG_IAJJDIPA	1385
TARA_SAMEA2622696_METAG_ELPLNHDN	2689
TARA_SAMEA2622696_METAG_HCJFGCBE	2347
TARA_SAMEA2622696_METAG_NLFKBGOK	3070
TARA_SAMEA2622696_METAG_MEFLBDHG	1637
TARA_SAMEA2622696_METAG_CANPALEF	1590
TARA_SAMEA2622696_METAG_LOBOKMIB	3169
TARA_SAMEA2622696_METAG_KGIODGLG	1501
TARA_SAMEA2622656_METAG_BOLCDEID	3266
TARA_SAMEA2622656_METAG_INDMLGBO	5510
TARA_SAMEA2622656_METAG_BNJAAKAE	4241
TARA_SAMEA2622656_METAG_DJOHBDEI	3212
TARA_SAMEA2622657_METAG_LCCHJHGG	5452
TARA_SAMEA2622657_METAG_ABPCDJAC	1385
TARA_SAMEA2622652_METAG_HFEFBBMA	3246
TARA_SAMEA2622652_METAG_CAMKKIEI	3016
TARA_SAMEA2622658_METAG_CHOAGAJB	4914
TARA_SAMEA2622658_METAG_JNLPAOEH	2905
TARA_SAMEA2622658_METAG_IEPAEJBE	3013
TARA_SAMEA2622658_METAG_OHKNJPFH	3845
TARA_SAMEA2622658_METAG_FLACJIGF	3204
TARA_SAMEA2622658_METAG_FENJHKNI	2947
TARA_SAMEA2622658_METAG_OHEBIPHI	2019
TARA_SAMEA2622658_METAG_JCEGOJNL	1637
TARA_SAMEA2622676_METAG_IPOEGCEH	3312
TARA_SAMEA2622676_METAG_IIECAFBG	3355
TARA_SAMEA2622676_METAG_FDCNKGDA	4833
TARA_SAMEA2622676_METAG_GGDLEJJM	3211
TARA_SAMEA2622677_METAG_KBPPAGFB	4279
TARA_SAMEA2622677_METAG_HOLFOPNK	3126
TARA_SAMEA2622677_METAG_JBANDMDG	3893
TARA_SAMEA2622677_METAG_EALCDELF	2571
TARA_SAMEA2622677_METAG_DMLDBCHE	1022
TARA_SAMEA2622673_METAG_HGKFMICN	4022
TARA_SAMEA2622673_METAG_IIFCJLEJ	1987
TARA_SAMEA2622673_METAG_PLFAMGMI	2664
TARA_SAMEA2622673_METAG_OJPGHNJO	2536
TARA_SAMEA2622673_METAG_EMJIMDNN	3996
TARA_SAMEA2622673_METAG_LBFPEPNE	4261
TARA_SAMEA2622673_METAG_KKADCHLP	2834
TARA_SAMEA2622673_METAG_DIPODJBH	3588
TARA_SAMEA2622673_METAG_IFDBFHEM	2326
TARA_SAMEA2622673_METAG_EEJGFDOK	3171
TARA_SAMEA2622673_METAG_BNMAOIAC	3533
TARA_SAMEA2622673_METAG_IALLFGGD	2572
TARA_SAMEA2622673_METAG_NHCJFHJK	3037
TARA_SAMEA2622678_METAG_IGPHDBBK	4028
TARA_SAMEA2622678_METAG_LCCFEJME	1904
TARA_SAMEA2622678_METAG_DFADELFD	2683
TARA_SAMEA2622678_METAG_NBIPLECE	3426
TARA_SAMEA2622678_METAG_KGFMGFIB	3140
TARA_SAMEA2622678_METAG_EDMLIGDO	3388
TARA_SAMEA2622678_METAG_BFJKCKHH	3056
TARA_SAMEA2622678_METAG_BIFEHNEK	2756
TARA_SAMEA2622821_METAG_ADABKCLH	4676
TARA_SAMEA2622821_METAG_EGDJJKOF	3425
TARA_SAMEA2622821_METAG_BHFBCCGO	3174
TARA_SAMEA2622822_METAG_FDHJGNPO	3683
TARA_SAMEA2622822_METAG_HKOBEFIG	3048
TARA_SAMEA2622822_METAG_JPJGAGOM	2286
TARA_SAMEA2622822_METAG_GIMLMOHK	1572
TARA_SAMEA2622822_METAG_PECFKPHI	1421
TARA_SAMEA2622822_METAG_ILEHCGBC	1866
TARA_SAMEA2622822_METAG_KAJMIAIP	2925
TARA_SAMEA2622822_METAG_IEDPHKED	1394
TARA_SAMEA2622822_METAG_FBKAPPAL	2110
TARA_SAMEA2622822_METAG_EAEGHBML	1585
TARA_SAMEA2622822_METAG_BJNBAMOE	2470
TARA_SAMEA2622822_METAG_JNGECCDL	1491
TARA_SAMEA2622822_METAG_EPJKEMAL	1543
TARA_SAMEA2622822_METAG_EMKGLKMA	1688
TARA_SAMEA2622822_METAG_LGBPLJON	1811
TARA_SAMEA2622822_METAG_GIDNJNGB	1873
TARA_SAMEA2622822_METAG_PBOMBAPG	1741
TARA_SAMEA2622822_METAG_PPEPLHJD	2309
TARA_SAMEA2622822_METAG_DODNIHCG	1442
TARA_SAMEA2622822_METAG_ENPJMAFC	2447
TARA_SAMEA2622822_METAG_MKCIHLBL	1231
TARA_SAMEA2622822_METAG_OOPELNDP	1603
TARA_SAMEA2622822_METAG_JBEGBFEE	2036
TARA_SAMEA2622822_METAG_KBPNGAMH	1822
TARA_SAMEA2622817_METAG_CBINACBH	2809
TARA_SAMEA2622817_METAG_NKKBFGCO	2402
TARA_SAMEA2622817_METAG_ANKMHOAM	2012
TARA_SAMEA2622817_METAG_JJOEDODB	1348
TARA_SAMEA2622817_METAG_EFMEHGLI	2369
TARA_SAMEA2622823_METAG_INOAMIGG	4752
TARA_SAMEA2622823_METAG_GALCLHPH	2174
TARA_SAMEA2622823_METAG_GGEKDAAF	3374
TARA_SAMEA2622823_METAG_KJDALBOO	3543
TARA_SAMEA2622823_METAG_FBOGAHJJ	3243
TARA_SAMEA2622823_METAG_PECEPINN	3495
TARA_SAMEA2622823_METAG_JBOAHDEL	4540
TARA_SAMEA2622823_METAG_ELMEKHMK	4489
TARA_SAMEA2622823_METAG_BEFCNFOE	2552
TARA_SAMEA2622823_METAG_LJKENBAN	1577
TARA_SAMEA2622823_METAG_IEILDKPM	2262
TARA_SAMEA2622823_METAG_CFMOJEHO	5493
TARA_SAMEA2622823_METAG_GLHPGGBP	2821
TARA_SAMEA2622823_METAG_MPCLEBGO	2036
TARA_SAMEA2622823_METAG_IKAABPBL	1381
TARA_SAMEA2622823_METAG_OKEDOLHM	1815
TARA_SAMEA2622823_METAG_KADMMOJA	2288
TARA_SAMEA2622823_METAG_GOFKMFMO	3254
TARA_SAMEA2622823_METAG_MGGLIPFK	1896
TARA_SAMEA2622823_METAG_JDBBCKEK	2286
TARA_SAMEA2622823_METAG_BHDJKCOH	1476
TARA_SAMEA2622823_METAG_HHJJBFGC	2022
TARA_SAMEA2622823_METAG_CCCMEPMO	1433
TARA_SAMEA2622823_METAG_NEEIGFLL	2341
TARA_SAMEA2622823_METAG_KBDJACKE	1910
TARA_SAMEA2622823_METAG_OKBBBHIE	3152
TARA_SAMEA2622823_METAG_CBJBKNKM	1383
TARA_SAMEA2622823_METAG_AOIDCFLB	2228
TARA_SAMEA2622823_METAG_EFBMEGBD	2116
TARA_SAMEA2622823_METAG_CNBNPIIP	3112
TARA_SAMEA2622736_METAG_DIOOGNDP	4935
TARA_SAMEA2622737_METAG_EAPHCLOM	3080
TARA_SAMEA2622737_METAG_HPGMPLOF	3517
TARA_SAMEA2622737_METAG_CHPLGDHK	1288
TARA_SAMEA2622737_METAG_HGAEOBNM	3498
TARA_SAMEA2622737_METAG_HMOCFPAL	1289
TARA_SAMEA2622737_METAG_AEEMAJOM	3070
TARA_SAMEA2622737_METAG_BNBOAFAC	3926
TARA_SAMEA2622737_METAG_ILOBPGPP	1870
TARA_SAMEA2622737_METAG_DCIGKCNG	1503
TARA_SAMEA2622737_METAG_AJHOMIFH	3466
TARA_SAMEA2622737_METAG_FELHNLIL	1622
TARA_SAMEA2622737_METAG_KFPGAMIC	2317
TARA_SAMEA2622737_METAG_EACCIMDA	1535
TARA_SAMEA2622737_METAG_LEGMAKBJ	1435
TARA_SAMEA2622737_METAG_MGEAOAMM	1162
TARA_SAMEA2622737_METAG_HJFDKADK	1702
TARA_SAMEA2622737_METAG_NMILOMPH	1526
TARA_SAMEA2622737_METAG_IBFMMLIA	2567
TARA_SAMEA2622737_METAG_BCPAJEON	3106
TARA_SAMEA2622737_METAG_NCFJJAOB	1625
TARA_SAMEA2622737_METAG_GCIGPNGL	1793
TARA_SAMEA2622737_METAG_OHMFMGLP	2501
TARA_SAMEA2622737_METAG_JALEGBGD	2242
TARA_SAMEA2622733_METAG_OMEBJIFN	2892
TARA_SAMEA2622733_METAG_JIAAENNH	3929
TARA_SAMEA2622733_METAG_LGENPMLF	1988
TARA_SAMEA2622733_METAG_ODBECIDH	1617
TARA_SAMEA2622733_METAG_EELCBJME	1325
TARA_SAMEA2622733_METAG_DBAIKBEI	4028
TARA_SAMEA2622733_METAG_OHBKIFEP	3483
TARA_SAMEA2622733_METAG_EOLHBMEN	2199
TARA_SAMEA2622733_METAG_CIIJDJJE	1618
TARA_SAMEA2622733_METAG_CLALOMOJ	2075
TARA_SAMEA2622733_METAG_LJOLBPGP	3738
TARA_SAMEA2622733_METAG_EOALJCIK	2525
TARA_SAMEA2622733_METAG_ONFBECNJ	2534
TARA_SAMEA2622733_METAG_MBBOCMIF	2174
TARA_SAMEA2622733_METAG_AONAELJN	1655
TARA_SAMEA2622733_METAG_OFLKOOJB	1893
TARA_SAMEA2622733_METAG_JOCDJJJH	2222
TARA_SAMEA2622733_METAG_EGAGGPLO	1563
TARA_SAMEA2622733_METAG_LFFPGBHH	1785
TARA_SAMEA2622738_METAG_NONKINCC	1960
TARA_SAMEA2622738_METAG_FBHIFEHA	3078
TARA_SAMEA2622738_METAG_OCCIJEPL	3667
TARA_SAMEA2622738_METAG_PMOIGPEK	1601
TARA_SAMEA2622715_METAG_FPILCFNN	2432
TARA_SAMEA2622715_METAG_GNHJCJJA	2957
TARA_SAMEA2622715_METAG_FGPFIDMB	1797
TARA_SAMEA2622715_METAG_HCAJFCNH	2857
TARA_SAMEA2622715_METAG_DGPMFALG	1727
TARA_SAMEA2622710_METAG_DGMLDIHH	4775
TARA_SAMEA2622710_METAG_FHOBMPIE	3569
TARA_SAMEA2622710_METAG_BPCIPLNH	3188
TARA_SAMEA2622710_METAG_IJOAKNPJ	4232
TARA_SAMEA2622710_METAG_EDMHDGDJ	3556
TARA_SAMEA2622710_METAG_NDJFNJPE	2840
TARA_SAMEA2622710_METAG_LAHKMFBH	2412
TARA_SAMEA2622710_METAG_OGKLAHMI	1349
TARA_SAMEA2622710_METAG_CBMLOAIP	1375
TARA_SAMEA2622710_METAG_KDDNGGHC	2582
TARA_SAMEA2622710_METAG_DBGJLHNK	1803
TARA_SAMEA2622710_METAG_JLIMCGGF	1585
TARA_SAMEA2622716_METAG_HLCJJFFL	4674
TARA_SAMEA2622716_METAG_FCPPLOOE	3267
TARA_SAMEA2622716_METAG_KANLKIKK	4224
TARA_SAMEA2622716_METAG_DPMIGLEP	3531
TARA_SAMEA2622716_METAG_JIINHBHC	2463
TARA_SAMEA2622716_METAG_GOJJIFPD	1391
TARA_SAMEA2622716_METAG_HMGJLLLH	1940
TARA_SAMEA2622716_METAG_HFPIHFGE	1386
TARA_SAMEA2622716_METAG_FBPOPCAB	2687
TARA_SAMEA2622716_METAG_DAEBHPLF	1663
TARA_SAMEA2622716_METAG_DKBOMNBN	3164
TARA_SAMEA2622716_METAG_AIKIDNMC	1632
TARA_SAMEA2622716_METAG_BJFCCOBP	1700
TARA_SAMEA2622716_METAG_HLKCEHMD	2630
TARA_SAMEA2622841_METAG_LNHPPNIG	4783
TARA_SAMEA2622841_METAG_JCAEBLCG	3499
TARA_SAMEA2622841_METAG_BJPLAEIC	2310
TARA_SAMEA2622842_METAG_ELOJNHCG	2440
TARA_SAMEA2622842_METAG_OMAOBCHI	1952
TARA_SAMEA2622842_METAG_DHEHIIGA	2053
TARA_SAMEA2622842_METAG_GMPLCBLJ	1596
TARA_SAMEA2622842_METAG_MHDOINAF	1397
TARA_SAMEA2622842_METAG_JCAJGODB	1712
TARA_SAMEA2622837_METAG_IKHPFKLM	2133
TARA_SAMEA2622837_METAG_JBJCKAAA	3306
TARA_SAMEA2622837_METAG_CJEHOFFG	5812
TARA_SAMEA2622837_METAG_EPMHDJGB	2224
TARA_SAMEA2622837_METAG_KBBJICNN	4448
TARA_SAMEA2622837_METAG_JKPGOPEF	3391
TARA_SAMEA2622837_METAG_PNJGGMAN	2018
TARA_SAMEA2622837_METAG_GCPDHFOM	2819
TARA_SAMEA2622837_METAG_HDJIBDFJ	1346
TARA_SAMEA2622837_METAG_BEOLKKCE	1408
TARA_SAMEA2622837_METAG_JMIFJPDO	5533
TARA_SAMEA2622837_METAG_FJHMIHLF	2470
TARA_SAMEA2622837_METAG_FMHBHGAC	2227
TARA_SAMEA2622837_METAG_IPNHGKMM	2720
TARA_SAMEA2622837_METAG_FLJJGFFL	1303
TARA_SAMEA2622837_METAG_FADLFKGB	2488
TARA_SAMEA2622837_METAG_AOCBMCKK	1803
TARA_SAMEA2622837_METAG_HLHPBMON	4897
TARA_SAMEA2622837_METAG_OEMBKAEG	2143
TARA_SAMEA2622837_METAG_MANGALKA	1350
TARA_SAMEA2622837_METAG_HBAPHKBN	2071
TARA_SAMEA2622837_METAG_DIBDDNCD	1754
TARA_SAMEA2622837_METAG_HCCFFGLD	1558
TARA_SAMEA2622837_METAG_HIELLEOM	2177
TARA_SAMEA2622837_METAG_LGNHAJJH	3207
TARA_SAMEA2622837_METAG_MNEPLOKD	1509
TARA_SAMEA2622837_METAG_JFEFLGPD	1231
TARA_SAMEA2622837_METAG_POOBDMOF	2238
TARA_SAMEA2622837_METAG_PCMKELBL	1560
TARA_SAMEA2622837_METAG_PPDOBEOP	1383
TARA_SAMEA2622837_METAG_DMBFDJMC	1484
TARA_SAMEA2622837_METAG_PAODPMMI	1469
TARA_SAMEA2622837_METAG_LLDONMCH	2021
TARA_SAMEA2622837_METAG_DMCHDHDD	1675
TARA_SAMEA2622837_METAG_EFHCFHDK	1474
TARA_SAMEA2622837_METAG_INCIHHJP	1726
TARA_SAMEA2622843_METAG_HAMAJGDK	4656
TARA_SAMEA2622843_METAG_JOOHMLLC	4901
TARA_SAMEA2622843_METAG_DOGLDLEH	1655
TARA_SAMEA2622843_METAG_OFHGMBOK	3558
TARA_SAMEA2622843_METAG_LMNNKAIA	3824
TARA_SAMEA2622843_METAG_KNEGIENJ	2791
TARA_SAMEA2622843_METAG_NCDLFJCE	2435
TARA_SAMEA2622843_METAG_GFDEHKKO	2449
TARA_SAMEA2622843_METAG_HAPJAMBJ	2571
TARA_SAMEA2622843_METAG_OLFFNFGB	3082
TARA_SAMEA2622843_METAG_CIKCJHDO	2696
TARA_SAMEA2622843_METAG_JBBGHGAL	1464
TARA_SAMEA2622843_METAG_GEPKFDMN	1889
TARA_SAMEA2622843_METAG_EPHNKGJM	2068
TARA_SAMEA2622843_METAG_HDGILNGE	1473
TARA_SAMEA2622843_METAG_ICAFCCEK	2109
TARA_SAMEA2622843_METAG_LAOIAGHO	3004
TARA_SAMEA2622843_METAG_DAKDFHIO	1425
TARA_SAMEA2621176_METAG_LNNLNJLH	3134
TARA_SAMEA2621176_METAG_EKLCKMDK	1810
TARA_SAMEA2621176_METAG_DCJMIKAH	2887
TARA_SAMEA2621176_METAG_GIHJDEBP	2730
TARA_SAMEA2621132_METAG_LDNDBIDJ	3921
TARA_SAMEA2621155_METAG_JJEAFODF	3730
TARA_SAMEA2621155_METAG_NPAOPFHE	2633
TARA_SAMEA2621155_METAG_DHNNNKED	1261
TARA_SAMEA2621155_METAG_LDOGOCBG	1636
MALA_SAMN05421706_METAG_CCBNPPJM	3716
MALA_SAMN05421706_METAG_PHJHNDCF	3227
MALA_SAMN05421706_METAG_JJDGLEBG	3197
MALA_SAMN05421706_METAG_CKJAFDPA	3706
MALA_SAMN05421706_METAG_PHFPPBLD	1251
MALA_SAMN05421706_METAG_PDNDAHEE	2630
MALA_SAMN05421706_METAG_CPBAILGB	3231
MALA_SAMN05421706_METAG_NAFAAHFA	1886
MALA_SAMN05421555_METAG_IJMJPABA	4906
MALA_SAMN05421555_METAG_CLKOJKMO	3174
TARA_SAMEA2622219_METAG_CDNBMKDP	2032
TARA_SAMEA2622219_METAG_FLMMGJJK	2807
TARA_SAMEA2622219_METAG_IBJHCFCC	2543
TARA_SAMEA2622219_METAG_BCNDIPPI	1428
TARA_SAMEA2622219_METAG_CBPANGGE	2078
TARA_SAMEA2622219_METAG_PPKFNHCK	1436
TARA_SAMEA2622197_METAG_PLBFGDCB	3747
TARA_SAMEA2622197_METAG_NOPBLNLP	3744
TARA_SAMEA2622197_METAG_GMLIEILM	3575
TARA_SAMEA2622197_METAG_FOHBEAPP	3455
TARA_SAMEA2622197_METAG_EBGAILGH	2916
TARA_SAMEA2622197_METAG_ODGMLBOK	3756
TARA_SAMEA2622197_METAG_BFPJEENM	3026
TARA_SAMEA2622197_METAG_HPJNGGAK	2110
TARA_SAMEA2622197_METAG_KHGNHLIC	1767
TARA_SAMEA2622173_METAG_PBPIIOKJ	2980
TARA_SAMEA2622173_METAG_HOFOCKAF	2264
TARA_SAMEA2622173_METAG_ECPLNLMD	1554
MALA_SAMN05422143_METAG_MKOHEMBE	3359
MALA_SAMN05422143_METAG_BMGHBPPH	1956
MALA_SAMN05422191_METAG_MJFFLHCL	3429
MALA_SAMN05422191_METAG_MKDPFEDB	2945
TARA_SAMEA2622376_METAG_HEDHIPCE	3725
TARA_SAMEA2622376_METAG_OILAECLG	3039
TARA_SAMEA2622376_METAG_KBEOCLLG	1740
TARA_SAMEA2622376_METAG_KBAMCEAM	2907
TARA_SAMEA2622376_METAG_BHCALEEO	3701
TARA_SAMEA2622402_METAG_IKPHBABN	3608
TARA_SAMEA2622429_METAG_PABDENCI	3949
TARA_SAMEA2622429_METAG_GEIBKEOM	2248
TARA_SAMEA2622901_METAG_NNLDCDAA	2984
TARA_SAMEA2622901_METAG_IPHKIPAK	3588
TARA_SAMEA2622901_METAG_HJHFBKGL	2861
TARA_SAMEA2620339_METAG_NIBPMFCG	2838
TARA_SAMEA2620339_METAG_ENNHIIDF	2838
TARA_SAMEA2622923_METAG_DNGLHAAI	5263
TARA_SAMEA2622923_METAG_EBCPMCHF	2894
TARA_SAMEA2622923_METAG_EMAJFPMF	2705
TARA_SAMEA2622923_METAG_BLCMMNMK	3287
TARA_SAMEA2622923_METAG_MGEOHPPC	4406
TARA_SAMEA2622923_METAG_DLBMCHKI	2898
TARA_SAMEA2622923_METAG_ACHMAPPN	4197
TARA_SAMEA2622923_METAG_FCMFLHKP	3827
TARA_SAMEA2622923_METAG_CJDPMNPC	2936
TARA_SAMEA2622923_METAG_LEAAOPGF	3472
TARA_SAMEA2622316_METAG_PCEAOEII	2977
TARA_SAMEA2622316_METAG_NMDBPDMN	2793
TARA_SAMEA2622316_METAG_AALDEDIL	3072
TARA_SAMEA2622316_METAG_EBJHPBEC	1931
TARA_SAMEA2622316_METAG_KKLDCCPA	2704
TARA_SAMEA2622316_METAG_DLELOEGA	1825
TARA_SAMEA2622336_METAG_ODHIMBAA	2843
TARA_SAMEA2622336_METAG_FHKBGHDK	2811
TARA_SAMEA2622336_METAG_FEHGGPPG	2830
TARA_SAMEA2622336_METAG_IANBPKNL	3813
TARA_SAMEA2622336_METAG_ELNAHGFM	1393
TARA_SAMEA2622362_METAG_NOOPJDFP	3218
TARA_SAMEA2622362_METAG_BEIAPOCM	3692
TARA_SAMEA2622362_METAG_PKLKMDGE	3472
TARA_SAMEA2622362_METAG_BHMJKIII	3853
TARA_SAMEA2622362_METAG_MABIDFCK	3067
TARA_SAMEA2622362_METAG_EOLKKLHP	2214
TARA_SAMEA2622362_METAG_EIKCDOLC	3519
TARA_SAMEA2620259_METAG_OHBFMFFC	3727
TARA_SAMEA2620259_METAG_DNKGKCGO	2041
TARA_SAMEA2620259_METAG_BMKKGOJJ	1750
TARA_SAMEA2620230_METAG_DONKKNCJ	4135
TARA_SAMEA2620230_METAG_BADLACGD	2492
TARA_SAMEA2620230_METAG_DNABOCAK	1396
TARA_SAMEA2623350_METAG_MPGKLGHL	2813
TARA_SAMEA2623370_METAG_IMFANIFH	3844
TARA_SAMEA2623370_METAG_KOCGLKGB	1685
TARA_SAMEA2623390_METAG_GAKINMBA	5068
TARA_SAMEA2623390_METAG_MCIIPGCH	2864
TARA_SAMEA2623390_METAG_GGBAEGIL	4467
TARA_SAMEA2623390_METAG_DPDHLDNN	3577
TARA_SAMEA2623390_METAG_HMMMMLKI	2842
TARA_SAMEA2623390_METAG_CNNLKKPH	2147
TARA_SAMEA2623390_METAG_PJGJFDLE	2297
TARA_SAMEA2623390_METAG_EOCDHIGK	3507
TARA_SAMEA2623390_METAG_ILEABHBD	1860
TARA_SAMEA2623390_METAG_NACNCLMF	3835
TARA_SAMEA2623390_METAG_EHIPJHJE	1382
TARA_SAMEA2623390_METAG_BMIPDNDI	2282
TARA_SAMEA2623390_METAG_LNAPLDHH	2057
TARA_SAMEA2623390_METAG_DEEMDONP	3236
MALA_SAMN05422107_METAG_PBCECJKK	3433
MALA_SAMN05422107_METAG_LAKOKLKO	3282
MALA_SAMN05422107_METAG_MGNCNLNH	1229
MALA_SAMN05422107_METAG_JBKGABMB	1871
MALA_SAMN05421660_METAG_NBPLHFIP	3456
MALA_SAMN05421660_METAG_BOEAJOMI	2865
MALA_SAMN05421660_METAG_NBCIACAD	1880
TARA_SAMEA2623426_METAG_BLJPLECD	1717
TARA_SAMEA2623426_METAG_CDDIFCLD	2459
TARA_SAMEA2623426_METAG_DGIPDJPC	2260
TARA_SAMEA2623426_METAG_FCAEHENC	1483
MALA_SAMN05421699_METAG_AGINOFJO	3357
MALA_SAMN05421699_METAG_CLHBCOKF	3454
MALA_SAMN05421699_METAG_BEPLOJJM	3093
MALA_SAMN05421699_METAG_JGAIJIKK	3053
MALA_SAMN05421699_METAG_BELIHAJM	1921
MALA_SAMN05421699_METAG_CKLFHOPC	1227
MALA_SAMN05421699_METAG_ABPHNPKL	3327
MALA_SAMN05422113_METAG_HCMEOPMD	4905
MALA_SAMN05422113_METAG_GJFPJHHK	5170
MALA_SAMN05422113_METAG_ACPCAKPA	3122
MALA_SAMN05422113_METAG_MMKICJMF	3282
TARA_SAMEA2623446_METAG_CAGACCPM	2687
TARA_SAMEA2623446_METAG_CCPHBAGE	2015
TARA_SAMEA2623446_METAG_KFGDJNOD	4085
MALA_SAMN05422160_METAG_LPEDOLKK	2440
MALA_SAMN05422120_METAG_CMDEFOFJ	4886
MALA_SAMN05422120_METAG_IFLJGABO	5194
MALA_SAMN05422120_METAG_OJHGHPEI	3793
MALA_SAMN05422120_METAG_BOFCDAAO	4460
MALA_SAMN05422120_METAG_NDMHKPKD	4512
MALA_SAMN05422120_METAG_PINPMALI	2773
MALA_SAMN05422163_METAG_OBFCIIFD	1231
MALA_SAMN05422163_METAG_AOIJBMIH	2354
MALA_SAMN05422163_METAG_ACMBAFHI	1219
MALA_SAMN05422163_METAG_LAILBBHB	1781
MALA_SAMN05422153_METAG_ANPKIMNM	4879
MALA_SAMN05422153_METAG_AGJKPNIP	2111
TARA_SAMEA2623314_METAG_KAPLAEKP	3548
TARA_SAMEA2623314_METAG_FCKBMNCE	4451
TARA_SAMEA2623314_METAG_IAFAMNLA	3833
TARA_SAMEA2623314_METAG_KCJJHIEC	2855
TARA_SAMEA2623314_METAG_CFPLBNDI	3378
TARA_SAMEA2623314_METAG_KMFJBEED	1894
TARA_SAMEA2623314_METAG_JGJMCJMN	2682
TARA_SAMEA2623314_METAG_OEOAEOGF	4689
TARA_SAMEA2623314_METAG_CDCCMGKJ	2839
TARA_SAMEA2623314_METAG_CABJDPJE	3458
TARA_SAMEA2623314_METAG_GHDMDBCP	3567
TARA_SAMEA2623314_METAG_JPFFKCLB	4309
TARA_SAMEA2623314_METAG_KKLGBDMP	4007
TARA_SAMEA2623314_METAG_DBIJIFKM	2965
TARA_SAMEA2623314_METAG_BIIFJDAP	3479
TARA_SAMEA2623314_METAG_HLLPALBA	2113
TARA_SAMEA2623314_METAG_AJNKELNF	1676
TARA_SAMEA2623314_METAG_OAILOJKB	3937
TARA_SAMEA2623314_METAG_NPNCOIBP	1664
TARA_SAMEA2623314_METAG_JFBKHEMH	2174
TARA_SAMEA2623314_METAG_PAOMPDEH	1731
TARA_SAMEA2623275_METAG_KPGDNKKP	2192
TARA_SAMEA2623275_METAG_FFCILAGJ	2715
TARA_SAMEA2623275_METAG_FLNGINEK	1754
TARA_SAMEA2623295_METAG_IBAHBHLL	3439
TARA_SAMEA2623295_METAG_AHONLABG	3921
TARA_SAMEA2623295_METAG_LCBNAALP	4696
TARA_SAMEA2623295_METAG_DAILCLPL	3837
TARA_SAMEA2623295_METAG_AOMJOKME	2090
TARA_SAMEA2623295_METAG_JONIEMEH	3718
TARA_SAMEA2623295_METAG_BDDDBLBO	2627
TARA_SAMEA2623295_METAG_DBPNPLKI	2095
TARA_SAMEA2623295_METAG_FPIBAKPA	2113
TARA_SAMEA2623295_METAG_ALPJHCHO	2075
TARA_SAMEA2623295_METAG_CHHADNEF	2706
TARA_SAMEA2623295_METAG_KGMCJEGK	2589
TARA_SAMEA2623295_METAG_PLOLJKDM	5229
TARA_SAMEA2623295_METAG_LKKBPDGM	1591
TARA_SAMEA2623295_METAG_DCFKMIDG	2285
TARA_SAMEA2623295_METAG_BLPIHGAI	2261
TARA_SAMEA2623295_METAG_CIGFHKCM	1080
TARA_SAMEA2623295_METAG_GPKKLJCP	1720
TARA_SAMEA2623295_METAG_NOFAEONB	2088
TARA_SAMEA2623295_METAG_PPFFMDJG	1665
TARA_SAMEA2623295_METAG_AJCCJKOD	2102
MALA_SAMN05422128_METAG_NBJKAMMF	3571
MALA_SAMN05422128_METAG_GFOMCGFD	3946
MALA_SAMN05422128_METAG_KIGGJBFG	1906
TARA_SAMEA2620217_METAG_MEHFEMPP	3689
TARA_SAMEA2620217_METAG_IEOKAIED	1553
TARA_SAMEA2620217_METAG_MDLLKPGL	3838
TARA_SAMEA2620217_METAG_NAHCNIBB	1469
TARA_SAMEA2620217_METAG_NPKHCHOI	2999
TARA_SAMEA2620217_METAG_MCDCMNAH	1698
TARA_SAMEA2620194_METAG_JKBDLEKF	2984
TARA_SAMEA2620194_METAG_MMCFEHNI	2062
MALA_SAMN05422192_METAG_OKDKCHDL	3491
MALA_SAMN05422192_METAG_OLOJNECD	3881
MALA_SAMN05422192_METAG_AOEDDAAO	3036
MALA_SAMN05422192_METAG_ILDNIHBB	1906
MALA_SAMN05421697_METAG_LIEFMPLO	4884
MALA_SAMN05421697_METAG_MJGJEFPK	3738
MALA_SAMN05421697_METAG_OILIAGNK	1714
MALA_SAMN05422175_METAG_JCAGPLKC	4902
MALA_SAMN05422175_METAG_GACELPJF	3170
MALA_SAMN05422175_METAG_OLCMIKIN	3328
MALA_SAMN05422175_METAG_LCAKIIIE	3387
MALA_SAMN05422136_METAG_DBKFPAHM	3397
MALA_SAMN05422136_METAG_MLBOFNBE	3756
MALA_SAMN05422136_METAG_EJCEPPIJ	3286
MALA_SAMN05422136_METAG_ENAHLCAF	2297
MALA_SAMN05422136_METAG_JFEMAIJD	1917
TARA_SAMEA2619888_METAG_DIFDLMKJ	5421
TARA_SAMEA2619879_METAG_INCHJECB	1212
TARA_SAMEA2619879_METAG_PEAABLIP	1454
TARA_SAMEA2619907_METAG_BGFNPMII	3800
TARA_SAMEA2619907_METAG_KEJNNEFL	4266
TARA_SAMEA2619907_METAG_FNHKDGPB	2792
TARA_SAMEA2619907_METAG_OHOIDPAE	2987
TARA_SAMEA2619907_METAG_EENECKNC	5895
TARA_SAMEA2619907_METAG_KGLDPHNO	1599
TARA_SAMEA2619907_METAG_AAHJNINL	1806
TARA_SAMEA2619907_METAG_IKOHGMAA	2944
TARA_SAMEA2619907_METAG_JLCLEKJG	4421
TARA_SAMEA2619907_METAG_LOCEMFFE	1550
TARA_SAMEA2619907_METAG_OHOOKNOA	2989
TARA_SAMEA2619907_METAG_KBFJNKFA	1431
TARA_SAMEA2619907_METAG_PEJFNIFI	3326
TARA_SAMEA2619907_METAG_HNLCBIIG	2445
TARA_SAMEA2619907_METAG_MFMGCAAC	2238
TARA_SAMEA2619907_METAG_ACFDCIKP	1520
TARA_SAMEA2619907_METAG_HLNKOGAN	2345
TARA_SAMEA2619907_METAG_OBBLGNKP	2272
TARA_SAMEA2619907_METAG_ODDNDHNA	1459
TARA_SAMEA2619907_METAG_CCMNHHCM	1634
TARA_SAMEA2619907_METAG_JDOAFLNN	1762
TARA_SAMEA2619907_METAG_PINFCNAK	2482
TARA_SAMEA2619907_METAG_JAJJHLIH	2209
TARA_SAMEA2619907_METAG_DKCBBJCD	1541
TARA_SAMEA2619907_METAG_JPHCLLMB	1471
TARA_SAMEA2619907_METAG_GKNNNLDM	1903
TARA_SAMEA2619907_METAG_EIHDBFFP	2206
TARA_SAMEA2619907_METAG_OFLLHFPN	1671
TARA_SAMEA2619907_METAG_NOGEJPAG	1845
TARA_SAMEA2619907_METAG_JIGFAFBG	1354
TARA_SAMEA2619907_METAG_JMCCHKLE	1910
TARA_SAMEA2619907_METAG_IIFCLJCM	1861
TARA_SAMEA2619907_METAG_EPJLPAJG	1313
TARA_SAMEA2620081_METAG_LDLNNKOA	2540
TARA_SAMEA2620081_METAG_IKMDOJLD	2318
TARA_SAMEA2620081_METAG_CGDDMMPH	2323
TARA_SAMEA2620081_METAG_LLGPNBFH	2712
TARA_SAMEA2620106_METAG_JMICEMNF	2742
TARA_SAMEA2620106_METAG_PKANIBBM	3167
TARA_SAMEA2620106_METAG_NDAHNLGG	1244
TARA_SAMEA2620106_METAG_KFNKCAII	1604
TARA_SAMEA2620106_METAG_HDFPKOKE	1892
TARA_SAMEA2620097_METAG_KFELPDMJ	2816
TARA_SAMEA2620097_METAG_NCIIEPOG	2613
TARA_SAMEA2620097_METAG_EKFMMPGJ	3581
TARA_SAMEA2620097_METAG_OFBNPCKJ	3953
TARA_SAMEA2620097_METAG_OLFDECGB	1482
TARA_SAMEA2620097_METAG_FEMNCHNC	2062
TARA_SAMEA2620097_METAG_ANBOPNIA	2157
TARA_SAMEA2620097_METAG_AKFOENMH	1742
TARA_SAMEA2620097_METAG_GCEMFKDB	2578
TARA_SAMEA2620097_METAG_PPHCBMNA	4469
TARA_SAMEA2620097_METAG_OLPLCJOO	2217
TARA_SAMEA2620097_METAG_CJLMDCMC	1362
TARA_SAMEA2620097_METAG_LACLEMNM	1437
TARA_SAMEA2620097_METAG_MCJLCJFN	2185
TARA_SAMEA2620097_METAG_HPDJDOPC	1834
TARA_SAMEA2620021_METAG_MLOOJBBB	2443
TARA_SAMEA2620021_METAG_KBGMIOJP	2021
TARA_SAMEA2620021_METAG_ACIKLEOD	1754
TARA_SAMEA2620021_METAG_JNBBEMFP	1280
TARA_SAMEA2620021_METAG_FPHBIKKN	1392
TARA_SAMEA2620021_METAG_GBIHLJMF	1795
TARA_SAMEA2620039_METAG_CCAPJDHN	3537
TARA_SAMEA2620039_METAG_JMLJMNOD	3336
TARA_SAMEA2620039_METAG_PIJHEMFK	4972
TARA_SAMEA2620039_METAG_DCIGMOMO	2473
TARA_SAMEA2620039_METAG_JCLMFLPE	2615
TARA_SAMEA2620039_METAG_BAKCDBNN	3189
TARA_SAMEA2620035_METAG_PBKGFJIL	3025
TARA_SAMEA2620035_METAG_EGMMDIFA	3485
TARA_SAMEA2620035_METAG_EOHBKGBH	3585
TARA_SAMEA2620035_METAG_LBPLCHEF	2363
TARA_SAMEA2620035_METAG_CKKBOBLG	2124
TARA_SAMEA2620035_METAG_BFENAAHI	3986
TARA_SAMEA2620035_METAG_LEKHLCMO	3202
TARA_SAMEA2620035_METAG_OLDPKKOE	1973
TARA_SAMEA2620035_METAG_FCOHJMAC	1516
TARA_SAMEA2620035_METAG_ILLGPLFG	1753
TARA_SAMEA2620035_METAG_EBCDEKAK	4217
TARA_SAMEA2620035_METAG_AMJDFKBG	2265
TARA_SAMEA2620035_METAG_MBPBHCGO	2241
TARA_SAMEA2620035_METAG_LBGPHFGM	1844
TARA_SAMEA2620035_METAG_PMPAKNIG	2143
TARA_SAMEA2620035_METAG_PBCLHMBK	1451
MALA_SAMN05422149_METAG_CFOFNMIM	5087
MALA_SAMN05422149_METAG_HPPCHCEF	4078
MALA_SAMN05422149_METAG_HCNNMKLE	3162
MALA_SAMN05422149_METAG_IEPELFMA	2725
MALA_SAMN05422149_METAG_FHIEBIKM	3304
MALA_SAMN05422149_METAG_PLPADFBC	2932
MALA_SAMN05422149_METAG_OPEOGJCH	3124
MALA_SAMN05422149_METAG_IOGIMBKE	3275
MALA_SAMN05422149_METAG_ADPGENHC	2927
MALA_SAMN05422149_METAG_FNBIFKEB	3475
MALA_SAMN05422149_METAG_DCOOINAI	1810
MALA_SAMN05422149_METAG_EKIALOCF	1765
MALA_SAMN05422149_METAG_ICMNOLBA	1199
MALA_SAMN05422149_METAG_KKGNCMCP	1905
MALA_SAMN05422133_METAG_FOGKKEHN	4893
MALA_SAMN05422133_METAG_MPCMMFBL	5127
MALA_SAMN05422133_METAG_LICJKDFC	4889
MALA_SAMN05422133_METAG_KFHCJPLA	4793
MALA_SAMN05422133_METAG_ADEFELBG	3066
MALA_SAMN05422133_METAG_MMGBPPIN	4003
MALA_SAMN05422133_METAG_FGJNLDHN	2999
MALA_SAMN05422133_METAG_IDLFGHMH	2227
TARA_SAMEA2619927_METAG_FLLCALDD	1333
TARA_SAMEA2619952_METAG_LGPHDMJI	1330
TARA_SAMEA2619952_METAG_NJJBGEID	1277
TARA_SAMEA2619952_METAG_KFKPCKBF	2440
TARA_SAMEA2619952_METAG_FPCFMOCG	3289
TARA_SAMEA2619952_METAG_LKLFMCIK	2171
TARA_SAMEA2619952_METAG_LABCLOCM	2736
TARA_SAMEA2619974_METAG_FFBADHGH	2641
TARA_SAMEA2619974_METAG_PDHLOGOD	5197
TARA_SAMEA2619974_METAG_OPHEJNNB	3423
TARA_SAMEA2619974_METAG_KHPHAHGO	2389
TARA_SAMEA2619974_METAG_PNOAIMNL	1452
TARA_SAMEA2619974_METAG_KEFFOHEL	1671
TARA_SAMEA2619974_METAG_JDKCCFKH	1792
TARA_SAMEA2619974_METAG_IDLEJKED	1164
TARA_SAMEA2619974_METAG_LCNMMBID	1863
TARA_SAMEA2619974_METAG_GALFEMFL	1110
TARA_SAMEA2619974_METAG_IOJPHMIM	1962
TARA_SAMEA2619970_METAG_OIDOACNG	4615
TARA_SAMEA2619970_METAG_DEJEEEHK	2906
TARA_SAMEA2619970_METAG_GLICNMBG	4072
TARA_SAMEA2619970_METAG_FLMOKPJM	2532
TARA_SAMEA2619970_METAG_KIIHFBOD	2962
TARA_SAMEA2619970_METAG_JMLBCFLD	3478
TARA_SAMEA2619970_METAG_OIODHENM	3993
TARA_SAMEA2619970_METAG_NIJBPAAN	2317
TARA_SAMEA2619970_METAG_KLAFEPAG	2160
TARA_SAMEA2619970_METAG_OKEINIMP	2336
TARA_SAMEA2619970_METAG_CLAEKLCO	4183
TARA_SAMEA2619970_METAG_OKNGJBFH	2483
TARA_SAMEA2619970_METAG_CLFMKPOM	2058
TARA_SAMEA2619970_METAG_FOJJJDJE	1270
TARA_SAMEA2619970_METAG_OPOMKGEC	2168
TARA_SAMEA2619970_METAG_JMFNEFCE	1553
MALA_SAMN05422140_METAG_KDGIOPII	4885
MALA_SAMN05422140_METAG_LOIBJDFA	5209
MALA_SAMN05422140_METAG_JIDOJPBB	4452
MALA_SAMN05422140_METAG_DOCADGDO	5255
MALA_SAMN05422140_METAG_BMFJJHMK	3018
MALA_SAMN05422140_METAG_HFADAPBO	4730
MALA_SAMN05422140_METAG_DGBIDDKG	3269
MALA_SAMN05422140_METAG_NCPCLLJM	3992
MALA_SAMN05422183_METAG_NNKMKILK	2038
MALA_SAMN05422183_METAG_NFEBJHBO	1911
TARA_SAMEA2619857_METAG_MMPNMHLK	2057
TARA_SAMEA2619857_METAG_LKAHBEPF	3191
TARA_SAMEA2619840_METAG_OBGEGELO	3009
TARA_SAMEA2619840_METAG_LDCGPDKP	3882
TARA_SAMEA2619840_METAG_EMFHCBHH	3033
TARA_SAMEA2619840_METAG_AEBDNPKM	2819
TARA_SAMEA2619840_METAG_OIFPMHKO	1991
TARA_SAMEA2619840_METAG_CMIEEJHO	3190
TARA_SAMEA2619840_METAG_CCMNDJMD	2639
TARA_SAMEA2619840_METAG_KHCHLJMN	1536
TARA_SAMEA2619840_METAG_ELIJDBNN	1366
TARA_SAMEA2619840_METAG_HOELHEHC	2472
TARA_SAMEA2619840_METAG_EAEEDDLG	1919
TARA_SAMEA2619840_METAG_JEJMOFHL	3340
TARA_SAMEA2619840_METAG_DCLFJGBG	1345
TARA_SAMEA2619840_METAG_OLJMHCKE	1619
TARA_SAMEA2619840_METAG_HFJDGBKI	5389
TARA_SAMEA2619840_METAG_EDOKFFDD	2122
TARA_SAMEA2619840_METAG_NIEKPPID	1650
TARA_SAMEA2619840_METAG_BEGAPBFN	1182
TARA_SAMEA2619840_METAG_ENPPFNBH	2297
TARA_SAMEA2619840_METAG_LAAINMDO	1528
TARA_SAMEA2619840_METAG_NBEAPLHI	1535
TARA_SAMEA2619840_METAG_GHMKJPCJ	1473
TARA_SAMEA2619840_METAG_FBNAIJLK	2219
TARA_SAMEA2619840_METAG_CFEDGIMN	1895
TARA_SAMEA2619840_METAG_FCCPIBAO	1311
TARA_SAMEA2619840_METAG_JCNOPLKM	2537
TARA_SAMEA2623463_METAG_JILLCGBA	3986
TARA_SAMEA2623463_METAG_OMLPHLBD	2790
TARA_SAMEA2623463_METAG_EJFDGHLL	3521
TARA_SAMEA2623463_METAG_JDDKPIIM	2478
TARA_SAMEA2623463_METAG_JEDKAICA	4090
TARA_SAMEA2623463_METAG_KOBBDBJG	3495
TARA_SAMEA2623463_METAG_ILKDPJMI	2280
TARA_SAMEA2623463_METAG_HPEEGDNE	2984
TARA_SAMEA2623463_METAG_BNGKDMAP	1592
TARA_SAMEA2623463_METAG_PJOHBPOB	1493
TARA_SAMEA2623463_METAG_KNFNNFGN	1487
TARA_SAMEA2623463_METAG_LNFMOOHP	1398
TARA_SAMEA2623463_METAG_BFAIOODB	1934
TARA_SAMEA2623463_METAG_OKKPDMJP	1424
TARA_SAMEA2623463_METAG_BLGGBFLI	1543
TARA_SAMEA2623463_METAG_GOOKEGPC	2356
TARA_SAMEA2623488_METAG_OKEPJHFE	2709
TARA_SAMEA2623488_METAG_NKHOEFPE	2506
TARA_SAMEA2623488_METAG_BIAHFFDO	3304
TARA_SAMEA2623488_METAG_NMFLJHAP	3356
TARA_SAMEA2623488_METAG_DJBJPDED	2298
TARA_SAMEA2623488_METAG_MNDCDHOL	2517
TARA_SAMEA2623488_METAG_GFMPDKFO	1338
TARA_SAMEA2623488_METAG_GBLOPEKM	1518
TARA_SAMEA2623488_METAG_BABBOLAO	1316
TARA_SAMEA2623488_METAG_GMKGKLNB	1910
TARA_SAMEA2623488_METAG_NOGNAPCD	1538
TARA_SAMEA2623488_METAG_HFHNMJLM	1411
TARA_SAMEA2623488_METAG_DFLKNGKI	1529
TARA_SAMEA2623513_METAG_HGHFANIL	2802
TARA_SAMEA2623513_METAG_JEHEGMBA	3099
TARA_SAMEA2623513_METAG_LNEJMMOG	2601
TARA_SAMEA2623513_METAG_CJNNPFPN	3345
TARA_SAMEA2623513_METAG_KLMILHAC	3120
TARA_SAMEA2623513_METAG_FFOGFDIA	3302
TARA_SAMEA2619802_METAG_ECINHOON	1490
MALA_SAMN05422121_METAG_LEHOHEOE	3733
MALA_SAMN05422121_METAG_BDGKKLOP	3177
MALA_SAMN05422121_METAG_MEMALNFD	2538
MALA_SAMN05422121_METAG_PMNELIKC	3611
MALA_SAMN05422121_METAG_GMGNEBDN	4086
MALA_SAMN05422121_METAG_DJPEOIKD	2915
MALA_SAMN05422121_METAG_LLGGKPDF	2334
MALA_SAMN05422121_METAG_LDCCJDDK	3035
MALA_SAMN05422121_METAG_AKAPFEJL	2024
MALA_SAMN05422121_METAG_PDHLACBE	3286
MALA_SAMN05422121_METAG_ONDHGCBJ	1230
MALA_SAMN05422104_METAG_JDCGNJAG	3335
MALA_SAMN05422104_METAG_HICMFKHG	3349
MALA_SAMN05422104_METAG_EJLOAAOE	1218
TARA_SAMEA2623079_METAG_JKHHHBLP	3616
TARA_SAMEA2623079_METAG_CJOCBLOE	2958
TARA_SAMEA2623079_METAG_IBPLLJMM	3948
TARA_SAMEA2623079_METAG_DAGBKOGK	3153
TARA_SAMEA2623059_METAG_NKGMGDCP	2319
TARA_SAMEA2623059_METAG_IHIENFNH	2268
TARA_SAMEA2623059_METAG_DKMMFCNI	2228
TARA_SAMEA2623059_METAG_ABEJAINB	2943
TARA_SAMEA2623059_METAG_EJJJHNLO	1399
TARA_SAMEA2623059_METAG_NOCDOODJ	2284
TARA_SAMEA2623098_METAG_JLGNJAJL	3181
TARA_SAMEA2623098_METAG_CMDNEIGC	3219
TARA_SAMEA2623098_METAG_PMKJNGCL	2800
TARA_SAMEA2623098_METAG_ANFBCGOL	1495
TARA_SAMEA2623098_METAG_NJIGAFGO	2196
TARA_SAMEA2623734_METAG_GNAPJEFA	2329
TARA_SAMEA2623734_METAG_PJGEFNLF	1507
TARA_SAMEA2623734_METAG_APMFAIAJ	1480
MALA_SAMN05422195_METAG_GOAGNGHJ	3780
MALA_SAMN05422195_METAG_NJLALEJO	3255
MALA_SAMN05422195_METAG_LPGNDHKG	3314
MALA_SAMN05422195_METAG_NEANBIPH	3266
MALA_SAMN05422195_METAG_GDKEPMCO	3297
MALA_SAMN05422195_METAG_AFHLHIIC	4039
MALA_SAMN05422195_METAG_FKMIPFAM	3481
MALA_SAMN05422195_METAG_JNOFIBKA	1905
MALA_SAMN05422195_METAG_JKDMMCAG	1206
MALA_SAMN05422195_METAG_LGAFAOBN	1692
MALA_SAMN05422195_METAG_HPOLIJEG	1824
TARA_SAMEA2591108_METAG_GFDBEGOL	1595
TARA_SAMEA2591108_METAG_FAOBPCMG	1857
TARA_SAMEA2591108_METAG_LPOCGNEC	1425
TARA_SAMEA2591108_METAG_KPBEGJIK	1792
TARA_SAMEA2591108_METAG_KOCPIGAD	1224
TARA_SAMEA2591108_METAG_CJFJJFFP	1297
TARA_SAMEA2591122_METAG_LNMOBCOM	2525
TARA_SAMEA2591122_METAG_JMEHENCE	3921
TARA_SAMEA2591122_METAG_DKOENCIK	2629
TARA_SAMEA2591122_METAG_CMIOHKHC	1875
TARA_SAMEA2591122_METAG_HLJDBPKL	1539
TARA_SAMEA2591122_METAG_ABCJNOCC	2514
TARA_SAMEA2591122_METAG_NIJIDBCO	1560
TARA_SAMEA2591122_METAG_AIFDONOC	1312
TARA_SAMEA2591122_METAG_DCEMABAA	1416
TARA_SAMEA2591122_METAG_JACCAKIN	3103
TARA_SAMEA2591122_METAG_ANOLCGLA	1307
TARA_SAMEA2591122_METAG_JMBIKMLF	1148
TARA_SAMEA2591122_METAG_MBECNJKK	1431
TARA_SAMEA2591122_METAG_NKMKLIKH	988
TARA_SAMEA2591122_METAG_PKPLHAPE	2334
TARA_SAMEA2623794_METAG_CBBGAPHI	3944
TARA_SAMEA2623794_METAG_GCMKOOOC	2750
TARA_SAMEA2623794_METAG_DGHNCGJB	3237
TARA_SAMEA2623794_METAG_AGNFKEDD	3750
TARA_SAMEA2623794_METAG_ALOENMBB	3547
TARA_SAMEA2623794_METAG_MPMFMBGL	2821
TARA_SAMEA2623794_METAG_HCKPMHFL	2743
TARA_SAMEA2623774_METAG_LNKLMJCE	2358
TARA_SAMEA2623774_METAG_IIDHDBDM	2708
TARA_SAMEA2623774_METAG_LJAFNIFN	1452
TARA_SAMEA2623756_METAG_CHDMOBPJ	6755
TARA_SAMEA2623756_METAG_EPAOJDBK	4004
TARA_SAMEA2623756_METAG_LMHAEILL	3597
TARA_SAMEA2623756_METAG_CFMFDDPO	3819
TARA_SAMEA2623756_METAG_KGLCBGOK	4096
TARA_SAMEA2623756_METAG_NGMEPLPD	2497
TARA_SAMEA2623756_METAG_HKPDJOCC	3670
TARA_SAMEA2623756_METAG_OCGFNJOE	1575
TARA_SAMEA2623756_METAG_KFPHNBBH	2470
TARA_SAMEA2623756_METAG_DMBINDKP	3827
TARA_SAMEA2623756_METAG_EILEHNFN	1688
TARA_SAMEA2623756_METAG_ADIACIIP	1299
TARA_SAMEA2623756_METAG_GLPHFJKB	1577
TARA_SAMEA2623756_METAG_MIHFNHCC	1327
TARA_SAMEA2623756_METAG_NFIBGMOG	1471
TARA_SAMEA2623693_METAG_MAANBGIO	3796
TARA_SAMEA2623693_METAG_GIENLJFM	3279
TARA_SAMEA2623693_METAG_GHHPFIDC	3445
TARA_SAMEA2623693_METAG_EFEFIPAF	3489
TARA_SAMEA2623693_METAG_GPOHIFOF	2580
TARA_SAMEA2623693_METAG_OLBFIODE	2882
TARA_SAMEA2623673_METAG_INBBCOBA	4923
TARA_SAMEA2623673_METAG_EDONDJIB	4223
TARA_SAMEA2623673_METAG_DCDDKIBD	2079
TARA_SAMEA2623673_METAG_JFFDJKBM	2303
TARA_SAMEA2623673_METAG_OAGKCCED	2576
TARA_SAMEA2623673_METAG_BFAMLMFE	1427
TARA_SAMEA2623673_METAG_INGMBOLI	2157
TARA_SAMEA2623673_METAG_LIGJOFMP	1459
TARA_SAMEA2623673_METAG_NNKKAOGP	3558
TARA_SAMEA2623673_METAG_PJECNDIB	1331
TARA_SAMEA2623155_METAG_BCMBOPIO	3689
TARA_SAMEA2623155_METAG_NCIMLOCE	2451
TARA_SAMEA2623155_METAG_BCDENEPD	3166
TARA_SAMEA2623155_METAG_BFOOMKPG	3138
TARA_SAMEA2623155_METAG_JMHMLONB	1990
TARA_SAMEA2623155_METAG_GKOBEDDH	1758
TARA_SAMEA2623155_METAG_EPLECKIF	2913
TARA_SAMEA2623155_METAG_GALNHCHL	2160
TARA_SAMEA2623116_METAG_MLHPBBMM	2600
TARA_SAMEA2623116_METAG_MCLFJCFB	3001
TARA_SAMEA2623116_METAG_GJPACEJC	3119
TARA_SAMEA2623116_METAG_IJGFKNPC	2684
TARA_SAMEA2623116_METAG_BKENEDBE	2753
TARA_SAMEA2623116_METAG_OLAOEOMG	2870
TARA_SAMEA2623116_METAG_HIAOIBEN	1624
TARA_SAMEA2623116_METAG_MOMOJFAF	2096
TARA_SAMEA2623116_METAG_LCHCHCLK	1474
TARA_SAMEA2623116_METAG_PKFJONFM	1951
TARA_SAMEA2623116_METAG_IGOOBNLI	1399
TARA_SAMEA2623116_METAG_EICKCBBD	2237
TARA_SAMEA2623116_METAG_HDAFLMCO	1238
TARA_SAMEA2623135_METAG_BLHAGEJF	1632
TARA_SAMEA2623135_METAG_CCIOMPGB	2151
TARA_SAMEA2623135_METAG_ADGGMOOG	2049
TARA_SAMEA2623135_METAG_DJILNNCH	3633
TARA_SAMEA2623135_METAG_ILGMCAFG	2682
TARA_SAMEA2619678_METAG_ANGHACOK	2651
TARA_SAMEA2619678_METAG_GAAOLHGM	3009
TARA_SAMEA2619678_METAG_AKEOPJAM	3068
TARA_SAMEA2619678_METAG_IGPKJHJK	1888
TARA_SAMEA2619678_METAG_NNGPIMJC	2521
TARA_SAMEA2619678_METAG_EGONJEND	1784
TARA_SAMEA2619678_METAG_DBNEMIFH	1321
TARA_SAMEA2619678_METAG_MIHMOMNO	1989
TARA_SAMEA2619678_METAG_LACPHMHC	1893
TARA_SAMEA2619678_METAG_HJDGIOGM	2066
TARA_SAMEA2619678_METAG_FFAKJHIK	2337
TARA_SAMEA2619678_METAG_AMMAMHCO	1946
TARA_SAMEA2619678_METAG_GKMOFLDJ	1481
TARA_SAMEA2619678_METAG_PCEKNLHD	3043
TARA_SAMEA2619667_METAG_BOPPNKGE	2654
TARA_SAMEA2619667_METAG_JOCHIGGH	3010
TARA_SAMEA2619667_METAG_OPCKEJLB	1694
TARA_SAMEA2619667_METAG_CCJFNDGF	2479
TARA_SAMEA2619667_METAG_OGKNGEBE	2345
TARA_SAMEA2619667_METAG_HPEPKBMJ	1465
TARA_SAMEA2619667_METAG_KKMOLIMA	1870
TARA_SAMEA2619667_METAG_CHMFIJAD	2377
TARA_SAMEA2619667_METAG_HKFELDGC	2066
TARA_SAMEA2619667_METAG_LOEGNDJE	2081
TARA_SAMEA2619667_METAG_OFHPMPBA	3051
TARA_SAMEA2619667_METAG_MDAEJKOM	1469
TARA_SAMEA2623826_METAG_HLKFIAML	4958
TARA_SAMEA2623826_METAG_OCIHHAIO	3636
TARA_SAMEA2623826_METAG_ILEBEMMO	1280
TARA_SAMEA2623826_METAG_DBFDPDJF	2378
TARA_SAMEA2623808_METAG_MABHOEKC	1297
TARA_SAMEA2623850_METAG_HLNHPIEF	2359
TARA_SAMEA2623868_METAG_KJBFMAKK	2639
TARA_SAMEA2623868_METAG_IFAAKDFP	3171
TARA_SAMEA2623868_METAG_HLGJKMJJ	2419
TARA_SAMEA2623868_METAG_BANHHKIH	1576
TARA_SAMEA2623868_METAG_GPJFODKB	2126
TARA_SAMEA2623868_METAG_JEEIHONJ	2220
TARA_SAMEA2623868_METAG_FIADHPBB	1418
TARA_SAMEA2623868_METAG_GPCAFNKP	1331
TARA_SAMEA2623868_METAG_JDHJPLCP	1363
TARA_SAMEA2619399_METAG_LDDNJAGJ	2408
TARA_SAMEA2619376_METAG_PKNAGKOP	1742
TARA_SAMEA2619376_METAG_EJDLPCAL	1520
TARA_SAMEA2619376_METAG_LNBLPGBK	2365
TARA_SAMEA2619376_METAG_DEPNNCBB	2057
TARA_SAMEA2619376_METAG_NPKFPHDM	1549
TARA_SAMEA2619376_METAG_MCHHHBNN	1372
TARA_SAMEA2619399_METAG_EMOJAKLB	2100
TARA_SAMEA2619399_METAG_BEFHKAFJ	2373
TARA_SAMEA2591057_METAG_JBPIFIKP	1508
TARA_SAMEA2591057_METAG_CLOHACDI	1759
TARA_SAMEA2591057_METAG_MGIKKEGI	1886
TARA_SAMEA2591057_METAG_IGGGGNIE	1810
TARA_SAMEA2591057_METAG_PEOJEGGA	2153
TARA_SAMEA2591057_METAG_BINOMPNJ	1460
TARA_SAMEA2591057_METAG_MGBAEOCH	1659
TARA_SAMEA2591057_METAG_BENJGCBD	1570
TARA_SAMEA2591057_METAG_LCDGELFE	1247
TARA_SAMEA2591057_METAG_BHJMOKBG	1849
TARA_SAMEA2591057_METAG_NKJLBOGH	2965
TARA_SAMEA2591074_METAG_NACKDJPK	2460
TARA_SAMEA2591074_METAG_MBKAEJDD	2671
TARA_SAMEA2619548_METAG_JMBKEIOI	2499
TARA_SAMEA2619548_METAG_MIPMNJJH	2913
TARA_SAMEA2619548_METAG_EBJNGIHK	2278
TARA_SAMEA2619548_METAG_GKNMECPN	2318
TARA_SAMEA2619548_METAG_CIJMLAGG	2133
TARA_SAMEA2619548_METAG_JKDPPLBC	1731
TARA_SAMEA2619548_METAG_ANCJELAM	1281
TARA_SAMEA2619548_METAG_EKHELPFN	1397
TARA_SAMEA2619548_METAG_HKLDOIJI	1797
TARA_SAMEA2619531_METAG_FLAJGHOH	3009
TARA_SAMEA2619531_METAG_JLLPIFLH	1542
TARA_SAMEA2619531_METAG_LLOIFEGM	1598
TARA_SAMEA2619531_METAG_PANCIAJK	3142
TARA_SAMEA2619531_METAG_OBJCLPHJ	1481
TARA_SAMEA2619531_METAG_HDKMKFKJ	1871
TARA_SAMEA2619531_METAG_LGDKIJHF	1901
TARA_SAMEA2619531_METAG_COAJMIGD	1611
TARA_SAMEA2619531_METAG_MHKBJJGE	2594
TARA_SAMEA2619531_METAG_LADHKJJF	3354
TARA_SAMEA2619531_METAG_CGBMIEPN	3245
TARA_SAMEA2619531_METAG_BDDCJDBH	1823
TARA_SAMEA2619531_METAG_HGKJGEEB	1874
TARA_SAMEA2619531_METAG_NCMMPLFF	1973
TARA_SAMEA2619531_METAG_HPHEDOMH	1872
TARA_SAMEA2619531_METAG_GJAMMKPP	1654
TARA_SAMEA2619531_METAG_LKKOAJNF	2358
TARA_SAMEA2619531_METAG_PJILNKKJ	2278
TARA_SAMEA2619531_METAG_AAAMGGHK	2669
TARA_SAMEA2619531_METAG_ADCGAODL	2457
TARA_SAMEA2619531_METAG_CNMMCJFL	1384
TARA_SAMEA2619531_METAG_MPNCPFCL	1167
TARA_SAMEA2619531_METAG_OJDIKCFD	3134
TARA_SAMEA2619531_METAG_AGNPCEJN	1618
TARA_SAMEA2623627_METAG_HFKAGMMI	2392
TARA_SAMEA2623627_METAG_DKLMFFJC	1458
TARA_SAMEA2623627_METAG_LJJOOFJI	1415
TARA_SAMEA2623627_METAG_FADFNABD	2073
TARA_SAMEA2623627_METAG_CPPDMDEJ	1210
TARA_SAMEA2623627_METAG_DHBMBDKD	1397
TARA_SAMEA2623627_METAG_FKGACBLF	1873
TARA_SAMEA2623649_METAG_JMAILDDC	3941
TARA_SAMEA2623649_METAG_MAMDGIMF	3597
TARA_SAMEA2623649_METAG_GGGGOBLB	2759
TARA_SAMEA2623649_METAG_NCKOBIHG	3182
TARA_SAMEA2623649_METAG_PKLKAFFB	3101
TARA_SAMEA2623649_METAG_BOMFGDKL	3580
TARA_SAMEA2623649_METAG_BCHBHJEJ	2590
TARA_SAMEA2623649_METAG_GDJFEMEE	2567
TARA_SAMEA2623649_METAG_GAIAFLBA	3911
TARA_SAMEA2623649_METAG_MPEOCJHB	2160
TARA_SAMEA2623649_METAG_FONNEAOA	2726
TARA_SAMEA2623649_METAG_EJBMLLJL	1794
TARA_SAMEA2623649_METAG_APCFMDIE	2862
TARA_SAMEA2623649_METAG_IFABJCBC	1681
TARA_SAMEA2623649_METAG_ACFBIHJP	1282
TARA_SAMEA2619766_METAG_LGHFEEAF	3790
TARA_SAMEA2619766_METAG_ECIEHDAN	2279
TARA_SAMEA2619766_METAG_JHGDMCFI	1595
TARA_SAMEA2619766_METAG_NCAMPJEC	1547
TARA_SAMEA2619766_METAG_JICOEDKJ	2244
TARA_SAMEA2619766_METAG_OKECAPJE	2700
TARA_SAMEA2619766_METAG_EKPJNNJO	1453
TARA_SAMEA2619766_METAG_AMLOEABD	1782
TARA_SAMEA2619766_METAG_CECBDPKB	1435
TARA_SAMEA2619766_METAG_PGHMOJPG	1780
TARA_SAMEA2619766_METAG_MEHLGNLO	1822
TARA_SAMEA2619766_METAG_AEPADPAG	1449
TARA_SAMEA2619766_METAG_PNCHGECM	1893
TARA_SAMEA2619766_METAG_GANBJGDD	1862
TARA_SAMEA2619766_METAG_DNMPBJJD	2408
TARA_SAMEA2619766_METAG_OMMCPKKB	2666
TARA_SAMEA2619766_METAG_PJEAKBDD	1939
TARA_SAMEA2619766_METAG_LMODONND	1436
TARA_SAMEA2619782_METAG_OHIHNNLJ	2138
TARA_SAMEA2619782_METAG_FADEPKNA	2654
TARA_SAMEA2619782_METAG_JFMHGPNE	2478
TARA_SAMEA2619782_METAG_DJKHELNO	2753
TARA_SAMEA2619782_METAG_JMJLDAKP	2127
TARA_SAMEA2619782_METAG_COCCGOCF	2563
TARA_SAMEA2619782_METAG_GMLGCIOD	2379
TARA_SAMEA2619782_METAG_FMLIFDKO	3818
TARA_SAMEA2619782_METAG_AEJGIIHC	2091
TARA_SAMEA2619782_METAG_PAAEHBLG	1429
TARA_SAMEA2619782_METAG_HIMFJKHE	1474
TARA_SAMEA2619782_METAG_DLAEFBDJ	4051
TARA_SAMEA2591098_METAG_EJOBFJID	2154
TARA_SAMEA2591098_METAG_BFGIGGHJ	3777
TARA_SAMEA2591098_METAG_PLHPJCGC	2508
TARA_SAMEA2591098_METAG_MBMKDMEL	2497
TARA_SAMEA2591098_METAG_ELHAFCCE	3098
TARA_SAMEA2591098_METAG_NLMGDPCC	2350
TARA_SAMEA2591084_METAG_FMKGCENE	2534
TARA_SAMEA2591084_METAG_BBJDMAAB	2534
TARA_SAMEA2591084_METAG_AMJHJMNK	1907
TARA_SAMEA2591084_METAG_PCHHHJGD	1854
TARA_SAMEA2623886_METAG_LPHOEKKG	2428
TARA_SAMEA2623886_METAG_AMIEIFLM	2313
TARA_SAMEA2623886_METAG_CNIBGFNF	1641
TARA_SAMEA2623886_METAG_LLPNBDAJ	1867
TARA_SAMEA2623886_METAG_HAHLOJEE	1325
TARA_SAMEA2623919_METAG_NMBILKKG	2629
TARA_SAMEA2623919_METAG_FBOFJEFE	2396
TARA_SAMEA2623919_METAG_BIOMPLEH	2147
TARA_SAMEA2623919_METAG_MOCMJJFC	1477
TARA_SAMEA2623919_METAG_HFBDAGJJ	1859
TARA_SAMEA2623907_METAG_OAOJNEPM	3950
TARA_SAMEA2623907_METAG_PJCNPLHD	4248
TARA_SAMEA2623907_METAG_BKDEFHCI	2971
TARA_SAMEA2623907_METAG_KDOILCDM	2734
TARA_SAMEA2623907_METAG_ECFMHMMB	3624
TARA_SAMEA2623907_METAG_JBHOJJHF	3447
TARA_SAMEA2623907_METAG_JDNJOPDE	3322
TARA_SAMEA2623907_METAG_EBOGLADP	2716
TARA_SAMEA2623907_METAG_CLPEOCMH	2655
TARA_SAMEA2623907_METAG_LDGJOKPN	2731
TARA_SAMEA2623907_METAG_FOGPEDDP	1931
TARA_SAMEA4396424_METAG_HACAFHCC	2189
TARA_SAMEA4396424_METAG_KJFNGIDN	3070
TARA_SAMEA4396424_METAG_OFLAPIDO	2561
TARA_SAMEA4396424_METAG_OKLBJAED	1248
TARA_SAMEA4396424_METAG_KOECLKOP	1806
TARA_SAMEA4396424_METAG_MJGENPMN	1630
TARA_SAMEA4396424_METAG_DBMPIENH	1878
TARA_SAMEA4396424_METAG_DBLANIEM	4002
TARA_SAMEA4396424_METAG_MEHMBKLF	1929
TARA_SAMEA4396496_METAG_ILGMJFMP	2175
TARA_SAMEA4396496_METAG_PFACBJFH	1914
TARA_SAMEA4396496_METAG_DNBDGNMF	3038
TARA_SAMEA4396496_METAG_FLKKHAPJ	3395
TARA_SAMEA4396496_METAG_CCDCDMEM	3028
TARA_SAMEA4396496_METAG_FNFDMJKC	1222
TARA_SAMEA4396496_METAG_FCPGNBPN	2450
TARA_SAMEA4396496_METAG_BFMMGJFH	4056
TARA_SAMEA4396496_METAG_LFMCOEMD	2246
TARA_SAMEA4396496_METAG_EJIEKEGE	1936
TARA_SAMEA4396468_METAG_PMKCLFEO	2974
TARA_SAMEA4396468_METAG_DOOIBEFB	2832
TARA_SAMEA4396468_METAG_GEOAMOPC	2829
TARA_SAMEA4396468_METAG_JEPGNPPK	1683
TARA_SAMEA4396468_METAG_PDKKHEEF	1750
TARA_SAMEA4396468_METAG_MANFACEB	1915
TARA_SAMEA4396468_METAG_CFHMJNIM	1771
TARA_SAMEA4396468_METAG_EBLHHBPH	2574
TARA_SAMEA4398370_METAG_HMHCGPPA	2465
TARA_SAMEA4398370_METAG_KKLLIOCH	2594
TARA_SAMEA4398370_METAG_FOIFAOEO	2022
TARA_SAMEA4398370_METAG_PFIHJIDJ	1502
TARA_SAMEA4398370_METAG_FLPNMPJL	3158
TARA_SAMEA4398370_METAG_GLKBCGPI	1255
TARA_SAMEA4398370_METAG_BGMOHGHA	2359
TARA_SAMEA4398370_METAG_BHIOPPFJ	2076
TARA_SAMEA4398370_METAG_APHBFFDH	1822
TARA_SAMEA4398370_METAG_GOBFGPOL	1540
TARA_SAMEA4398370_METAG_LLBMFOKG	1914
TARA_SAMEA4398370_METAG_LGCOGMKG	1414
TARA_SAMEA4398370_METAG_EHKIJLNC	1425
TARA_SAMEA4398413_METAG_MEBPLGJO	2220
TARA_SAMEA4398413_METAG_ELMKJJGE	3152
TARA_SAMEA4398413_METAG_CALKJODJ	1969
TARA_SAMEA4398413_METAG_BNEBCEMC	1932
TARA_SAMEA4398413_METAG_NLEBIJNN	2427
TARA_SAMEA4398413_METAG_KBHFDNKM	1277
TARA_SAMEA4398413_METAG_AHGHCJIP	2917
TARA_SAMEA4398413_METAG_HONOFHEO	2352
TARA_SAMEA4398413_METAG_FMFBOOKK	2792
TARA_SAMEA4398413_METAG_OGOODMNP	1465
TARA_SAMEA4398341_METAG_LHBKEGEM	3744
TARA_SAMEA4398341_METAG_BBKHPJPB	2317
TARA_SAMEA4398341_METAG_AECCMNNO	2279
TARA_SAMEA4398341_METAG_IKMIJGLA	3893
TARA_SAMEA4398341_METAG_NNJGNDFD	1895
TARA_SAMEA4398341_METAG_NFOOLMGP	2099
TARA_SAMEA4398341_METAG_PGGDNNCO	2122
TARA_SAMEA4398341_METAG_NCMPLFMA	1874
TARA_SAMEA4398341_METAG_HNICBGDE	3966
TARA_SAMEA4398341_METAG_CLEPENAC	3271
TARA_SAMEA4398341_METAG_JEDIGFFE	1181
TARA_SAMEA4398296_METAG_MHJPBEFB	3109
TARA_SAMEA4398296_METAG_PFKAPLJD	2324
TARA_SAMEA4398296_METAG_DPFMLPLK	2076
TARA_SAMEA4398296_METAG_HGINLIBF	1721
TARA_SAMEA4398296_METAG_IEPAMDEE	2257
TARA_SAMEA4398296_METAG_IEFMEDEK	1916
TARA_SAMEA4398296_METAG_PMCLKCFJ	2965
TARA_SAMEA4398296_METAG_BLGABLEO	1923
TARA_SAMEA4398296_METAG_PCOLMPAO	1936
TARA_SAMEA4398296_METAG_MAKPEPCI	3371
TARA_SAMEA4398296_METAG_CNOHPKIF	1328
TARA_SAMEA4398296_METAG_GKEOPECK	2095
TARA_SAMEA4398296_METAG_ABFEHANB	3416
TARA_SAMEA4398296_METAG_EJDAEPNF	3285
TARA_SAMEA4396538_METAG_AKMBCAPL	1714
TARA_SAMEA4396538_METAG_GJBDHKGG	2205
TARA_SAMEA4396538_METAG_JPBGGFFI	1866
TARA_SAMEA4396538_METAG_CDDAKNFK	1744
TARA_SAMEA4396538_METAG_GIGKEHFN	2116
TARA_SAMEA4396538_METAG_OLMODPLD	1685
TARA_SAMEA4396538_METAG_EJIJECED	1203
TARA_SAMEA4396971_METAG_ACALKGFN	1707
TARA_SAMEA4396971_METAG_BFPGPHFK	2314
TARA_SAMEA4396971_METAG_BBONIEKG	1921
TARA_SAMEA4397004_METAG_GOJLHACA	3146
TARA_SAMEA4397004_METAG_JPDEEDJH	4324
TARA_SAMEA4397004_METAG_OCACEJAG	2432
TARA_SAMEA4397004_METAG_FDDNCOPK	1367
TARA_SAMEA4397004_METAG_AIPFHCCK	2598
TARA_SAMEA4397004_METAG_IHHBJLCI	1290
TARA_SAMEA4397004_METAG_AGNCBICA	2211
TARA_SAMEA4397004_METAG_CAKBPFAB	1734
TARA_SAMEA4397004_METAG_JFHKLEJO	1568
TARA_SAMEA4397004_METAG_CINNKFJE	1853
TARA_SAMEA4397004_METAG_EDDPJKPP	1876
TARA_SAMEA4397004_METAG_MAKBEHCF	1410
TARA_SAMEA4397004_METAG_GDCOLFIP	1834
TARA_SAMEA4398247_METAG_CKJNLPIF	2362
TARA_SAMEA4398247_METAG_MCKJBFJL	1922
TARA_SAMEA4398247_METAG_FDFPNPLD	1359
TARA_SAMEA4398247_METAG_FEHBNPCO	1680
TARA_SAMEA4398247_METAG_AFFCDLMO	1856
TARA_SAMEA4398247_METAG_EFGINLON	1479
TARA_SAMEA4398247_METAG_JHLNHDBE	2206
TARA_SAMEA4398247_METAG_IGEJIMPB	1872
TARA_SAMEA4398219_METAG_IAKBBOPM	4289
TARA_SAMEA4398219_METAG_GIBLFLOK	2188
TARA_SAMEA4398219_METAG_GHBABGJG	3845
TARA_SAMEA4398219_METAG_DFNCOKLH	1984
TARA_SAMEA4398219_METAG_LJMACJEA	1913
TARA_SAMEA4398219_METAG_GEKBPNCA	1931
TARA_SAMEA4398219_METAG_PMMHAMPC	1430
TARA_SAMEA4398219_METAG_JBMAJLJB	2055
TARA_SAMEA4398219_METAG_JMKLKHNA	1579
TARA_SAMEA4398219_METAG_JPOKABPI	2189
TARA_SAMEA4398219_METAG_AFECMBHJ	1617
TARA_SAMEA4398219_METAG_FDBHAJHL	1270
TARA_SAMEA4398219_METAG_ECOAADOF	3479
TARA_SAMEA4398219_METAG_IFDIDLFO	1899
TARA_SAMEA4398219_METAG_INKKHDCA	4013
TARA_SAMEA4398219_METAG_DILNGADE	1831
TARA_SAMEA4398219_METAG_AEGOGEEC	1836
TARA_SAMEA4398219_METAG_BBDHDICP	2035
TARA_SAMEA4398219_METAG_AMAGPKKD	3129
TARA_SAMEA4398219_METAG_JLIKEAKL	1565
TARA_SAMEA4398176_METAG_JKMGCLFO	3001
TARA_SAMEA4398176_METAG_HBADDEJO	2295
TARA_SAMEA4398176_METAG_MJENGAPI	1942
TARA_SAMEA4398176_METAG_IFDJJLDC	1891
TARA_SAMEA4398176_METAG_LIGBHBCI	2300
TARA_SAMEA4398176_METAG_ILHOEDLC	1239
TARA_SAMEA4398176_METAG_MOBMCDLB	2506
TARA_SAMEA4398176_METAG_CEGMLDFC	3616
TARA_SAMEA4398176_METAG_FHCHNHJL	1975
TARA_SAMEA4398176_METAG_LOHPMJMP	2386
TARA_SAMEA4398176_METAG_JDCNIMON	1945
TARA_SAMEA4398176_METAG_BMCAPIFG	1416
TARA_SAMEA4398176_METAG_MIIFOFGB	3324
TARA_SAMEA4398176_METAG_MHCPDBIL	2176
TARA_SAMEA4398176_METAG_MMCNCHGC	2101
TARA_SAMEA4398176_METAG_FDEGFFEC	1758
TARA_SAMEA4398176_METAG_NMLFNJBC	3530
TARA_SAMEA4397798_METAG_JLLDCABA	2362
TARA_SAMEA4397798_METAG_CJMABPGO	2809
TARA_SAMEA4397798_METAG_ELHCINIB	2885
TARA_SAMEA4397798_METAG_KPEMIHHA	1340
TARA_SAMEA4397798_METAG_CONPPJFB	1215
TARA_SAMEA4397798_METAG_MHPHGKAL	1679
TARA_SAMEA4397798_METAG_CFPPPCED	2208
TARA_SAMEA4397798_METAG_CMHKDHLN	1959
TARA_SAMEA4397798_METAG_MOMHAAJD	1962
TARA_SAMEA4397798_METAG_JIGNHPKO	1250
TARA_SAMEA4397798_METAG_LPJBMLFE	1601
TARA_SAMEA4397798_METAG_ALIFFGIC	3033
TARA_SAMEA4397798_METAG_ONECMFCN	1251
TARA_SAMEA4397798_METAG_COIAAHHL	2064
TARA_SAMEA4397798_METAG_ACACMPIM	3497
TARA_SAMEA4397798_METAG_MDFHKJJK	2508
TARA_SAMEA4397798_METAG_MEOLNJOJ	3800
TARA_SAMEA4397756_METAG_GPNNLFDB	2776
TARA_SAMEA4397756_METAG_MFCCEFMA	2291
TARA_SAMEA4397756_METAG_APMELJLJ	2835
TARA_SAMEA4397756_METAG_LJOJEEDK	2109
TARA_SAMEA4397756_METAG_NKKEIPND	2142
TARA_SAMEA4397756_METAG_GOBLHHGB	2462
TARA_SAMEA4397756_METAG_JLMPHACD	2061
TARA_SAMEA4397756_METAG_IEPBAGAP	2347
TARA_SAMEA4397756_METAG_BOMLECLF	1943
TARA_SAMEA4397756_METAG_HGMNLHLG	1678
TARA_SAMEA4397756_METAG_NIPPAAKB	1280
TARA_SAMEA4397756_METAG_JNHJNHBD	1912
TARA_SAMEA4397756_METAG_LGNFMIEE	3458
TARA_SAMEA4397756_METAG_ALFJIJFA	2223
TARA_SAMEA4397756_METAG_JAONMKEH	3172
TARA_SAMEA4397756_METAG_JEGHJHDL	3767
TARA_SAMEA4397930_METAG_KPNEPIAD	3067
TARA_SAMEA4397930_METAG_IBOLJEJO	3534
TARA_SAMEA4397930_METAG_NBNOCLFN	2819
TARA_SAMEA4397930_METAG_ENPOPFFO	2315
TARA_SAMEA4397930_METAG_POFKKLGC	3520
TARA_SAMEA4397930_METAG_DOBBBCOB	2293
TARA_SAMEA4397930_METAG_ONGLCALM	3519
TARA_SAMEA4397930_METAG_LDOABJMC	2173
TARA_SAMEA4397930_METAG_MEDMNDAP	1887
TARA_SAMEA4397930_METAG_NILIJJOB	1967
TARA_SAMEA4397930_METAG_NJJBNGCP	1901
TARA_SAMEA4397930_METAG_JDAPHHFF	2087
TARA_SAMEA4397930_METAG_NFNHCHJF	1192
TARA_SAMEA4397930_METAG_BDFHPEIC	1577
TARA_SAMEA4397930_METAG_DJGFMGJC	2512
TARA_SAMEA4397930_METAG_MGMHFLLA	1471
TARA_SAMEA4397930_METAG_HBILJANA	1972
TARA_SAMEA4397930_METAG_DHCENOEG	2190
TARA_SAMEA4397930_METAG_NDLBHLEN	2583
TARA_SAMEA4397930_METAG_EFBPDAAB	3476
TARA_SAMEA4397930_METAG_LKGEFOPE	1226
TARA_SAMEA4397930_METAG_FDOALGEH	2240
TARA_SAMEA4397930_METAG_PBFOHJCB	3138
TARA_SAMEA4397930_METAG_ENPHBNKM	2076
TARA_SAMEA4398150_METAG_DOGMCALJ	2854
TARA_SAMEA4398150_METAG_BHFPEIBM	3150
TARA_SAMEA4398150_METAG_NLDOOBLD	3781
TARA_SAMEA4398150_METAG_EAFJNJHB	1743
TARA_SAMEA4398150_METAG_MPKBFDJI	2125
TARA_SAMEA4398150_METAG_CDBICEIB	1934
TARA_SAMEA4398150_METAG_JLCPFBNK	2002
TARA_SAMEA4398150_METAG_MBMKPMAM	1156
TARA_SAMEA4398150_METAG_CAKKLGGM	1272
TARA_SAMEA4398150_METAG_FCHKNKAE	3439
TARA_SAMEA4398150_METAG_FHDPLIID	2007
TARA_SAMEA4398150_METAG_CNJPPFDK	3273
TARA_SAMEA4398150_METAG_GJMDHFBG	1767
TARA_SAMEA4398094_METAG_DAFGDDKE	2733
TARA_SAMEA4398094_METAG_JKDFMADP	3379
TARA_SAMEA4398094_METAG_LJKCHDII	2753
TARA_SAMEA4398094_METAG_OJMOCGOF	2500
TARA_SAMEA4398094_METAG_OJPBDFHD	1862
TARA_SAMEA4398094_METAG_INJPOFNE	3171
TARA_SAMEA4398094_METAG_IPHNBGGN	3365
TARA_SAMEA4398094_METAG_ANFIMAOB	2980
TARA_SAMEA4398094_METAG_FKONMKBF	1909
TARA_SAMEA4398094_METAG_MKJMMPAL	2369
TARA_SAMEA4398094_METAG_HGDMBOBN	2182
TARA_SAMEA4398094_METAG_IIDAKCEO	1643
TARA_SAMEA4398094_METAG_LEFPPNLG	2841
TARA_SAMEA4398094_METAG_KMGGAFFA	1623
TARA_SAMEA4398094_METAG_LDHJNHAG	1338
TARA_SAMEA4398094_METAG_HINOJMDG	2071
TARA_SAMEA4398094_METAG_KOBLDEML	2013
TARA_SAMEA4398094_METAG_OADJDGIB	1549
TARA_SAMEA4398094_METAG_DFDNNFKK	2466
TARA_SAMEA4398094_METAG_OGOPJADH	1263
TARA_SAMEA4398094_METAG_HLGDABHH	3335
TARA_SAMEA4398094_METAG_EINFCOHD	1943
TARA_SAMEA4398094_METAG_JECLGJDH	1549
TARA_SAMEA4398094_METAG_CPEGNKKA	3445
TARA_SAMEA4398094_METAG_HAOJDEHI	2143
TARA_SAMEA4397101_METAG_FDAENHHH	1975
TARA_SAMEA4397101_METAG_KBLNFDFD	1657
TARA_SAMEA4397101_METAG_HNJMAKPE	2140
TARA_SAMEA4397196_METAG_GOGNMPAD	3280
TARA_SAMEA4397196_METAG_IPMANPNA	3570
TARA_SAMEA4397196_METAG_ICABMHNN	1973
TARA_SAMEA4397196_METAG_FOAMLLMK	2455
TARA_SAMEA4397196_METAG_GHNDOLDE	3955
TARA_SAMEA4397196_METAG_IFCABLLB	3128
TARA_SAMEA4397196_METAG_BMMPCMEC	3260
TARA_SAMEA4397196_METAG_DMMDDMDG	2377
TARA_SAMEA4397196_METAG_EFAOIEIE	1918
TARA_SAMEA4397196_METAG_JIMKDDFL	1889
TARA_SAMEA4397196_METAG_CHNOLNNG	2014
TARA_SAMEA4397196_METAG_APPGDCJL	4055
TARA_SAMEA4397196_METAG_KFNFJDCJ	2175
TARA_SAMEA4397196_METAG_DLMELAAG	2744
TARA_SAMEA4397196_METAG_OICENOJE	1633
TARA_SAMEA4397196_METAG_KCMCGEFP	2143
TARA_SAMEA4397196_METAG_GHDIDCLF	3531
TARA_SAMEA4397196_METAG_CNEGLGIP	3985
TARA_SAMEA4397196_METAG_DBBDHPDM	1855
TARA_SAMEA4397196_METAG_JJCLHKFL	3488
TARA_SAMEA4397196_METAG_BBADGCKO	1854
TARA_SAMEA4397196_METAG_BAPJJBIE	3273
TARA_SAMEA4397157_METAG_OEPPPCEN	2435
TARA_SAMEA4397157_METAG_KKINNMDI	2353
TARA_SAMEA4397157_METAG_KHACAPGP	3324
TARA_SAMEA4397157_METAG_FFEFKCII	2188
TARA_SAMEA4397157_METAG_PMAKHLKI	1918
TARA_SAMEA4397157_METAG_MIIOLCIJ	2024
TARA_SAMEA4397157_METAG_BIHGPMNO	2336
TARA_SAMEA4397157_METAG_IMGAHLPJ	1697
TARA_SAMEA4397157_METAG_LBBINFMH	1521
TARA_SAMEA4397157_METAG_NGHKFCOJ	2119
TARA_SAMEA4397157_METAG_BBMAFOOL	1818
TARA_SAMEA4397157_METAG_MELLBGEK	2423
TARA_SAMEA4397157_METAG_EDKOKKMJ	1261
TARA_SAMEA4397157_METAG_OEELFNMN	1738
TARA_SAMEA4397903_METAG_NIGGCILB	2790
TARA_SAMEA4397903_METAG_HMDDLJIK	2830
TARA_SAMEA4397903_METAG_KKEOFKKF	2322
TARA_SAMEA4397903_METAG_KOGCEGFL	1715
TARA_SAMEA4397903_METAG_EFCIEINE	2131
TARA_SAMEA4397903_METAG_BMKFPANH	2214
TARA_SAMEA4397903_METAG_PBADCJMF	2063
TARA_SAMEA4397903_METAG_LOOHAGAM	1335
TARA_SAMEA4397903_METAG_FFBFMOMN	1886
TARA_SAMEA4397903_METAG_APBLAGJG	2813
TARA_SAMEA4397903_METAG_NBEIKLOB	3022
TARA_SAMEA4397903_METAG_LPFLJANI	1740
TARA_SAMEA4397903_METAG_EKFAFKJL	1924
TARA_SAMEA4397903_METAG_FDCNBAGC	3433
TARA_SAMEA4397903_METAG_BMLFBCHI	1615
TARA_SAMEA4397903_METAG_IGJGCINC	1194
TARA_SAMEA4397842_METAG_EKIJPONI	2375
TARA_SAMEA4397842_METAG_INEHHMKA	2815
TARA_SAMEA4397842_METAG_LKCECJEK	2822
TARA_SAMEA4397842_METAG_JJGLIADL	2449
TARA_SAMEA4397842_METAG_JKGJCJLE	1264
TARA_SAMEA4397842_METAG_DGKKFFBP	1968
TARA_SAMEA4397842_METAG_KICLFKGG	1772
TARA_SAMEA4397842_METAG_HCDNFEAF	1658
TARA_SAMEA4397842_METAG_CKDMFFCM	1252
TARA_SAMEA4397842_METAG_HHJGFAHJ	3458
TARA_SAMEA4397842_METAG_OFNOIKAK	1284
TARA_SAMEA4397842_METAG_OMMPKION	2057
TARA_SAMEA4398009_METAG_OPMNFMGF	2808
TARA_SAMEA4398009_METAG_OBIPICFJ	2566
TARA_SAMEA4398009_METAG_OOMAOPDA	3375
TARA_SAMEA4398009_METAG_OBLJMAIF	1948
TARA_SAMEA4398009_METAG_IBOKKEMM	1309
TARA_SAMEA4398009_METAG_AIEKCAPA	1641
TARA_SAMEA4398009_METAG_MODGJEKJ	2158
TARA_SAMEA4398009_METAG_DIKACLON	2441
TARA_SAMEA4398009_METAG_CAOMJLNE	1219
TARA_SAMEA4398009_METAG_LEDOCBPK	2991
TARA_SAMEA4398009_METAG_DOCAIFNI	2433
TARA_SAMEA4398009_METAG_JJNFINBJ	2505
TARA_SAMEA4398009_METAG_MFADIIAH	2094
TARA_SAMEA4398009_METAG_GCBFKJME	2290
TARA_SAMEA4398009_METAG_KCOEEOMD	1767
TARA_SAMEA4398009_METAG_EMPGBFFH	3445
TARA_SAMEA4397983_METAG_CAKBINKG	3202
TARA_SAMEA4397983_METAG_DEGCONOP	1756
TARA_SAMEA4397983_METAG_OLBGKPMH	2160
TARA_SAMEA4397983_METAG_ILMGEOFM	1427
TARA_SAMEA4397983_METAG_NCGNJONP	2096
TARA_SAMEA4397983_METAG_NHFCNOHN	1590
TARA_SAMEA4397983_METAG_NEINHJBB	1854
TARA_SAMEA4398067_METAG_MBHHKPBM	2706
TARA_SAMEA4398067_METAG_BMGDKCLP	3954
TARA_SAMEA4398067_METAG_KCPPIFMG	2724
TARA_SAMEA4398067_METAG_AEFEMGOH	3125
TARA_SAMEA4398067_METAG_AODAAFBN	3307
TARA_SAMEA4398067_METAG_LLFIOAIO	3395
TARA_SAMEA4398067_METAG_EOECNMHJ	2914
TARA_SAMEA4398067_METAG_GPCNEGNO	1810
TARA_SAMEA4398067_METAG_GOLPMMLI	2155
TARA_SAMEA4398067_METAG_KGGLPANE	2506
TARA_SAMEA4398067_METAG_KPDKLMCO	1664
TARA_SAMEA4398067_METAG_FFCGELPJ	1924
TARA_SAMEA4398067_METAG_NFMICODN	1237
TARA_SAMEA4398067_METAG_DFJLEHDO	1381
TARA_SAMEA4398067_METAG_JAKAJNGF	2081
TARA_SAMEA4398067_METAG_AJMOKGGI	2860
TARA_SAMEA4398067_METAG_KIIJMMBN	2035
TARA_SAMEA4398067_METAG_ICOMGCGP	1261
TARA_SAMEA4398067_METAG_PPDPDCNN	1277
TARA_SAMEA4398067_METAG_OOBLJPHC	2279
TARA_SAMEA4398067_METAG_CBDGHFLB	3412
TARA_SAMEA4398067_METAG_LMDJADJK	1452
TARA_SAMEA4397472_METAG_AMLOAKEN	4008
TARA_SAMEA4397472_METAG_JMMLDJOC	2322
TARA_SAMEA4397472_METAG_CJMGHPKL	1707
TARA_SAMEA4397472_METAG_DICMEHDC	1182
TARA_SAMEA4397472_METAG_LCKKDFDK	2714
TARA_SAMEA4397472_METAG_MIOPGKDA	1381
TARA_SAMEA4397472_METAG_FANKLAJP	3278
TARA_SAMEA4397472_METAG_BOAEAJCE	2060
TARA_SAMEA4397472_METAG_CDHDNHMC	1722
TARA_SAMEA4397472_METAG_CFGONHJG	1582
TARA_SAMEA4397472_METAG_AAPDLGBE	3015
TARA_SAMEA4397472_METAG_PLMEHPPN	2052
TARA_SAMEA4397472_METAG_KKGOKJIE	3072
TARA_SAMEA4397472_METAG_PEDCECLL	1958
TARA_SAMEA4397472_METAG_ODCNGKGH	1324
TARA_SAMEA4397472_METAG_IDHEKGGM	1124
TARA_SAMEA4397472_METAG_LMGDGBPA	2310
TARA_SAMEA4397516_METAG_NDKGCCDJ	2826
TARA_SAMEA4397516_METAG_EBBGLPFF	3128
TARA_SAMEA4397516_METAG_NMEMKMMF	1730
TARA_SAMEA4397516_METAG_HGGIMKLB	2066
TARA_SAMEA4397516_METAG_GEGGKGPC	3640
TARA_SAMEA4397516_METAG_NBMHCLPA	2232
TARA_SAMEA4397516_METAG_LNDPMEGG	2067
TARA_SAMEA4397516_METAG_MAMMIHFL	1221
TARA_SAMEA4397516_METAG_FLFMOOJJ	2283
TARA_SAMEA4397516_METAG_ODHMDPHJ	3829
TARA_SAMEA4397516_METAG_MGMAALPC	1788
TARA_SAMEA4397516_METAG_JOOBJBNH	1361
TARA_SAMEA4397516_METAG_HGNBAOFA	1496
TARA_SAMEA4397516_METAG_DCDOIPBN	3510
TARA_SAMEA4397516_METAG_FPEECNPB	1713
TARA_SAMEA4397516_METAG_EMKDJPMG	3905
TARA_SAMEA4397516_METAG_APKDJONF	3184
TARA_SAMEA4397072_METAG_HFKAMJBK	2989
TARA_SAMEA4397072_METAG_AACGBECA	2293
TARA_SAMEA4397072_METAG_AOKLNJHN	2541
TARA_SAMEA4397072_METAG_FKILDBKM	1313
TARA_SAMEA4397072_METAG_BJIAFCAO	2287
TARA_SAMEA4397072_METAG_PKKNEGIC	1288
TARA_SAMEA4397072_METAG_ENIEPPKB	2645
TARA_SAMEA4397072_METAG_LFEEDDAD	2111
TARA_SAMEA4397034_METAG_BEJJLMAO	2776
TARA_SAMEA4397034_METAG_HLKGJGFF	2530
TARA_SAMEA4397034_METAG_CCADBMCG	1731
TARA_SAMEA4397034_METAG_GPHNGABH	3056
TARA_SAMEA4397034_METAG_ADIONDJB	2174
TARA_SAMEA4397034_METAG_BCBOLHGA	1636
TARA_SAMEA4397034_METAG_IFFKGGLD	2538
TARA_SAMEA4397034_METAG_HEDMAHOG	1942
TARA_SAMEA4397034_METAG_FFGJDONG	2117
TARA_SAMEA4397034_METAG_KLABDPCP	2103
TARA_SAMEA4397034_METAG_ANPPJHKJ	2061
TARA_SAMEA4397034_METAG_AJPELJHC	3497
TARA_SAMEA4397426_METAG_NMLIANFF	2430
TARA_SAMEA4397426_METAG_DJIEGDCK	2718
TARA_SAMEA4397426_METAG_BDFEHJMA	2763
TARA_SAMEA4397426_METAG_APFFFHCD	2329
TARA_SAMEA4397426_METAG_HDCIOHLD	1680
TARA_SAMEA4397426_METAG_AIPELCJN	2160
TARA_SAMEA4397426_METAG_GKOPONIC	2914
TARA_SAMEA4397426_METAG_MALPEDIP	2582
TARA_SAMEA4397426_METAG_LEHMKHKI	1151
TARA_SAMEA4397426_METAG_HDMEMOAM	1956
TARA_SAMEA4397426_METAG_ECEJBGCD	2072
TARA_SAMEA4397426_METAG_PMIMMIKC	2116
TARA_SAMEA4397426_METAG_IDNFABFP	3304
TARA_SAMEA4397426_METAG_JPDADBFL	1889
TARA_SAMEA4397426_METAG_CEPJJGPN	3516
TARA_SAMEA4397649_METAG_CFCFNBDA	2073
TARA_SAMEA4397649_METAG_GNBPJHAG	1376
TARA_SAMEA4397649_METAG_PDICHJON	2017
TARA_SAMEA4397649_METAG_MIMGGCOL	2864
TARA_SAMEA4397649_METAG_EBHOBEIG	2187
TARA_SAMEA4397649_METAG_NNLKDBAN	2033
TARA_SAMEA4397649_METAG_OEODHAMC	2441
TARA_SAMEA4397649_METAG_HNNOOIHI	2175
TARA_SAMEA4397649_METAG_ENKCHOEL	1205
TARA_SAMEA4397649_METAG_MDOEADJI	1666
TARA_SAMEA4397649_METAG_CLAEIDEM	2056
TARA_SAMEA4397649_METAG_IDONJBLK	1479
TARA_SAMEA4397649_METAG_FEHKBCJA	2143
TARA_SAMEA4397649_METAG_IDDMJGAE	2164
TARA_SAMEA4397649_METAG_AKGLEPGL	3444
TARA_SAMEA4397705_METAG_ODDHKJJE	2115
TARA_SAMEA4397705_METAG_AJHMBMCI	1723
TARA_SAMEA4397705_METAG_DCIAACEB	2887
TARA_SAMEA4397705_METAG_JFCINLJN	2152
TARA_SAMEA4397705_METAG_DCMKOCPI	1958
TARA_SAMEA4397705_METAG_AKOBCEME	2570
TARA_SAMEA4397705_METAG_EOMBNCHF	1465
TARA_SAMEA4397705_METAG_EGANHIBL	1275
TARA_SAMEA4397705_METAG_CBHMPCAE	2093
TARA_SAMEA4397705_METAG_NMFOJBPI	2458
TARA_SAMEA4397705_METAG_LHHIOMBA	3417
TARA_SAMEA4397730_METAG_IILBDIKD	3369
TARA_SAMEA4397730_METAG_HDIOLHFC	2859
TARA_SAMEA4397730_METAG_BPLIOPNH	2302
TARA_SAMEA4397730_METAG_NAAGEJKI	1295
TARA_SAMEA4397730_METAG_DHCGBEHI	1577
TARA_SAMEA4397730_METAG_NDMAPFEA	2437
TARA_SAMEA4397730_METAG_CNEJGHKJ	1475
TARA_SAMEA4397569_METAG_GHMOJEEC	3009
TARA_SAMEA4397569_METAG_GNPBFPKL	2751
TARA_SAMEA4397569_METAG_FLCEJGBL	2217
TARA_SAMEA4397569_METAG_LLNGGIOL	1723
TARA_SAMEA4397569_METAG_BHFKLDDG	1975
TARA_SAMEA4397569_METAG_ALILFCPM	2234
TARA_SAMEA4397569_METAG_IJKPAJII	2014
TARA_SAMEA4397569_METAG_OGAHOONA	1611
TARA_SAMEA4397569_METAG_JPIKAHAA	2861
TARA_SAMEA4397569_METAG_KIKNJMDN	2103
TARA_SAMEA4397569_METAG_OEMKCAEG	3350
TARA_SAMEA4397569_METAG_NAPDNECM	3257
TARA_SAMEA4397569_METAG_GLIHKDIA	1226
TARA_SAMEA4397611_METAG_IDOOEIHM	2325
TARA_SAMEA4397611_METAG_DGNJPNBN	2211
TARA_SAMEA4397611_METAG_GLLDCGJJ	2120
TARA_SAMEA4397611_METAG_DPDDLOJM	1170
TARA_SAMEA4397611_METAG_BEMFKKJM	1880
TARA_SAMEA4397611_METAG_OPKKEMFO	2048
TARA_SAMEA4397611_METAG_HFCOEFHO	2966
TARA_SAMEA4397611_METAG_KJJKLMJK	1385
TARA_SAMEA4397611_METAG_LDDDHIJK	3381
TARA_SAMEA4397611_METAG_GJFPHMJM	3274
TARA_SAMEA4397278_METAG_CMCAAODG	2475
TARA_SAMEA4397278_METAG_JMEOEGHM	2334
TARA_SAMEA4397278_METAG_LGLJBLKD	1733
TARA_SAMEA4397278_METAG_HAHMEGHH	1609
TARA_SAMEA4397278_METAG_GCOKNHEN	2805
TARA_SAMEA4397278_METAG_OINNMNIG	2473
TARA_SAMEA4397278_METAG_PFNHNBMB	1440
TARA_SAMEA4397278_METAG_JINFPDEO	2151
TARA_SAMEA4397278_METAG_HDJJHPAM	1287
TARA_SAMEA4397278_METAG_IAGMINIA	2367
TARA_SAMEA4397278_METAG_DGACBACO	2108
TARA_SAMEA4397278_METAG_KFCICLPM	3483
TARA_SAMEA4397239_METAG_IFKGMDCJ	2850
TARA_SAMEA4397239_METAG_HJNIHAKH	2774
TARA_SAMEA4397239_METAG_HAFCFHCB	1689
TARA_SAMEA4397239_METAG_IKJKOEDG	2229
TARA_SAMEA4397239_METAG_EEFHHANB	2188
TARA_SAMEA4397239_METAG_DLOHGFCN	2856
TARA_SAMEA4397239_METAG_KKOONDLB	2112
TARA_SAMEA4397239_METAG_LNCEEDGJ	1996
TARA_SAMEA4397239_METAG_EAANGHBD	2506
TARA_SAMEA4397239_METAG_OEFHPODE	1192
TARA_SAMEA4397239_METAG_GJMAACPK	1457
TARA_SAMEA4397239_METAG_KEFKMAJN	2180
TARA_SAMEA4397239_METAG_IMAKFBHM	1282
TARA_SAMEA4397239_METAG_GDBAGMAK	2320
TARA_SAMEA4397239_METAG_COHLBNIA	2127
TARA_SAMEA4397239_METAG_LPCJDNJC	3474
TARA_SAMEA4397355_METAG_OAHAPAHA	3986
TARA_SAMEA4397355_METAG_KCONGBFG	2373
TARA_SAMEA4397355_METAG_GAMKNJMC	1772
TARA_SAMEA4397355_METAG_NMOPFAIF	1939
TARA_SAMEA4397355_METAG_NJHOEOAH	2327
TARA_SAMEA4397355_METAG_BCPMNKPD	1689
TARA_SAMEA4397355_METAG_KGNDFNFL	1733
TARA_SAMEA4397355_METAG_AFNLEMOF	2026
TARA_SAMEA4397355_METAG_JBCODGFD	2126
TARA_SAMEA4397355_METAG_KAONEKCA	1713
TARA_SAMEA4397355_METAG_PIFAJGNL	1358
TARA_SAMEA4397355_METAG_ALCFNLAC	2632
TARA_SAMEA4397355_METAG_LDDMDHHP	2555
TARA_SAMEA4397355_METAG_HBEMBLBK	1523
TARA_SAMEA4397355_METAG_PAGPFGJC	2228
TARA_SAMEA4397355_METAG_JOOIAFCP	3227
TARA_SAMEA4397311_METAG_ABPPOKKB	3051
TARA_SAMEA4397311_METAG_ENPFOOIL	2866
TARA_SAMEA4397311_METAG_CNLAMCIL	1178
TARA_SAMEA4397311_METAG_JMIIIKEJ	2153
TARA_SAMEA4397311_METAG_OIGPDLKO	2261
TARA_SAMEA4397311_METAG_IBCMHNBM	2559
TARA_SAMEA4397311_METAG_NJFCIEDB	1469
TARA_SAMEA4397311_METAG_MOPPHLCF	1283
TARA_SAMEA4397311_METAG_NGBFAPNO	2050
TARA_SAMEA4397311_METAG_IAEDMILH	1965
TARA_SAMEA4397390_METAG_KPIDHNMA	2269
TARA_SAMEA4397390_METAG_DOHGBDBG	2188
TARA_SAMEA4397390_METAG_NEHEMHAD	2220
TARA_SAMEA4397390_METAG_OGHBNMNG	1750
TARA_SAMEA4397390_METAG_IOAFGJHL	2875
TARA_SAMEA4397390_METAG_OANBIOOI	2133
TARA_SAMEA4397390_METAG_OAJNPHCG	2563
TARA_SAMEA4397390_METAG_NDCDCLLO	2009
TARA_SAMEA4397390_METAG_EJBOOLAH	2298
TARA_SAMEA4397390_METAG_OFKEJNNI	1320
TARA_SAMEA4397390_METAG_LIIMPECH	2086
TARA_SAMEA4397390_METAG_NFBKNHCA	3004
TARA_SAMEA4397390_METAG_BJADNIGL	3456
